dataset,study,citation,doi,provenance
statin,4S (1994),"Scandinavian Simvastatin Survival Study Group. Randomised trial of cholesterol lowering in 4444 patients with coronary heart disease (4S). Lancet 1994;344:1383-1389.",10.1016/S0140-6736(94)90566-5,"Baseline characteristics and all-cause mortality digitised/compiled from the primary report; continuous variables entered as reported mean (SD), binary variables as reported proportions. Values are rounded to the precision printed in the source table."
statin,WOSCOPS (1995),"Shepherd J, et al. Prevention of coronary heart disease with pravastatin in men with hypercholesterolemia (WOSCOPS). N Engl J Med 1995;333:1301-1307.",10.1056/NEJM199511163332001,"As above."
statin,CARE (1996),"Sacks FM, et al. The effect of pravastatin on coronary events after myocardial infarction in patients with average cholesterol levels (CARE). N Engl J Med 1996;335:1001-1009.",10.1056/NEJM199610033351401,"As above."
statin,LIPID (1998),"The LIPID Study Group. Prevention of cardiovascular events and death with pravastatin in patients with coronary heart disease and a broad range of initial cholesterol levels. N Engl J Med 1998;339:1349-1357.",10.1056/NEJM199811053391902,"As above."
statin,AFCAPS/TexCAPS (1998),"Downs JR, et al. Primary prevention of acute coronary events with lovastatin in men and women with average cholesterol levels (AFCAPS/TexCAPS). JAMA 1998;279:1615-1622.",10.1001/jama.279.20.1615,"As above."
glucose_control,UKPDS 33 (1998),"UK Prospective Diabetes Study (UKPDS) Group. Intensive blood-glucose control with sulphonylureas or insulin compared with conventional treatment (UKPDS 33). Lancet 1998;352:837-853.",10.1016/S0140-6736(98)07019-6,"As above."
glucose_control,ACCORD (2008),"The Action to Control Cardiovascular Risk in Diabetes Study Group. Effects of intensive glucose lowering in type 2 diabetes. N Engl J Med 2008;358:2545-2559.",10.1056/NEJMoa0802743,"As above."
glucose_control,ADVANCE (2008),"The ADVANCE Collaborative Group. Intensive blood glucose control and vascular outcomes in patients with type 2 diabetes. N Engl J Med 2008;358:2560-2572.",10.1056/NEJMoa0802987,"As above."
glucose_control,VADT (2009),"Duckworth W, et al. Glucose control and vascular complications in veterans with type 2 diabetes (VADT). N Engl J Med 2009;360:129-139.",10.1056/NEJMoa0808431,"As above."
