iteration,initial_i_squared,final_i_squared,initial_icr_cv,final_icr_cv,i_squared_change
0,0.0,12.721772167298779,0.0,0.7539980898739251,12.721772167298779
1,0.0,0.0,0.0,1.0297017598730787,0.0
2,29.25436728147808,0.0,0.0,0.8640385593707373,-29.25436728147808
3,3.384667542428036,22.557255621160486,0.0,0.7743160013166073,19.17258807873245
4,0.0,0.0,0.0,0.8983962666952052,0.0
5,0.0,0.0,0.0,1.076800004135864,0.0
6,0.0,4.4847206683664425,0.0,0.8629339516203349,4.4847206683664425
7,0.0,0.0,0.0,0.9562755953070783,0.0
8,0.0,0.0,0.0,0.7402531678555703,0.0
9,0.0,16.876125014583952,0.0,1.027696695811552,16.876125014583952
10,0.0,0.0,0.0,0.884127219708787,0.0
11,0.0,8.020909529421008,0.0,0.9248716945523219,8.020909529421008
12,0.0,0.0,0.0,1.029092744709482,0.0
13,0.0,0.0,0.0,1.0894381608637576,0.0
14,55.693259602116164,27.820748021251706,0.0,0.9094739452798289,-27.872511580864458
15,48.39851696736782,38.539008204273934,0.0,0.8776266697341026,-9.859508763093885
16,0.0,37.341197672800604,0.0,1.0545955547516235,37.341197672800604
17,17.278526906631157,0.0,0.0,0.9847738677576783,-17.278526906631157
18,0.0,3.818794662833827,0.0,0.9815648369241191,3.818794662833827
19,0.0,18.369223132624988,0.0,0.8564992908282225,18.369223132624988
20,0.0,0.0,0.0,0.9370508222337031,0.0
21,0.0,0.0,0.0,0.8303627180674106,0.0
22,0.0,0.0,0.0,0.8216156795397694,0.0
23,0.0,21.58776053865483,0.0,1.1425764201159199,21.58776053865483
24,0.0,0.0,0.0,1.0796224876154645,0.0
25,0.0,0.0,0.0,0.7828670937180797,0.0
26,20.359648634981586,0.0,0.0,0.9895728373569611,-20.359648634981586
27,35.052777612217135,8.910596538128335,0.0,1.088404832203976,-26.1421810740888
28,42.16811787821141,35.66943776039904,0.0,0.9657237019304971,-6.49868011781237
29,9.228645486623591,9.568388941070687,0.0,1.138970493263629,0.3397434544470954
30,0.0,0.0,0.0,0.9847738677576784,0.0
31,0.0,0.0,0.0,1.0190353380854513,0.0
32,0.0,0.0,0.0,0.9292713473563017,0.0
33,0.0,12.515267384614292,0.0,0.7197262760168915,12.515267384614292
34,0.0,0.0,0.0,0.7481724624253684,0.0
35,61.221125935563,26.075130157129532,0.0,0.9976169540189581,-35.14599577843347
36,0.0,0.0,0.0,1.0632339687496852,0.0
37,0.0,0.0,0.0,1.046852704770013,0.0
38,0.0,0.0,0.0,0.8975543238411419,0.0
39,0.0,0.0,0.0,0.8776266697341027,0.0
40,0.0,7.504483163146334,0.0,0.9301497575275562,7.504483163146334
41,0.0,0.0,0.0,0.9976169540189579,0.0
42,0.0,0.0,0.0,0.9310945599352183,0.0
43,0.0,56.46861421136297,0.0,0.7804169433939349,56.46861421136297
44,42.23835176170907,0.0,0.0,0.907046004525828,-42.23835176170907
45,0.0,45.91957876050735,0.0,0.7909298751094946,45.91957876050735
46,26.386463935843246,26.61786395331373,0.0,0.9370508222337031,0.23140001747048444
47,0.0,0.0,0.0,0.8074531783351362,0.0
48,62.164085584041786,37.18467876802233,0.0,0.7760070537748716,-24.979406816019456
49,0.0,18.353510716298498,0.0,0.8850063361830179,18.353510716298498
50,17.932747130906247,8.66758750262673,0.0,1.0632339687496852,-9.265159628279516
51,0.0,0.0,0.0,0.8989573561970009,0.0
52,0.0,15.62474419138109,0.0,0.9130067063879886,15.62474419138109
53,0.0,32.939519085810915,0.0,0.7561935084134972,32.939519085810915
54,28.503324023568887,0.0,0.0,0.749938208032851,-28.503324023568887
55,63.22619236593218,0.0,0.0,0.8525334700052496,-63.22619236593218
56,48.516555548163275,24.062291570768075,0.0,1.0230591640632318,-24.4542639773952
57,12.60218266528043,35.368712698723485,0.0,0.9737770165553341,22.766530033443054
58,0.0,0.0,0.0,0.7244609133081332,0.0
59,45.46516666862628,40.78118317359789,0.0,0.8564992908282224,-4.683983495028393
60,0.0,0.0,0.0,0.775614536525855,0.0
61,0.0,33.398019323966054,0.0,0.8776266697341029,33.398019323966054
62,39.050299702631754,0.0,0.0,1.0485028230232711,-39.050299702631754
63,0.0,42.448863677552225,0.0,0.8030888139582567,42.448863677552225
64,0.0,0.0,0.0,1.0206207261596576,0.0
65,0.0,8.224056740897522,0.0,0.9508194725820149,8.224056740897522
66,52.573498379811525,4.212753556730558,0.0,0.9665971337137267,-48.360744823080964
67,0.0,0.0,0.0,0.8713749284381109,0.0
68,0.0,37.03306064073348,0.0,0.9292713473563018,37.03306064073348
69,9.605125965267247,0.0,0.0,0.8590299539656865,-9.605125965267247
70,0.0,0.0,0.0,0.8481672919312797,0.0
71,0.0,0.0,0.0,1.0206207261596574,0.0
72,0.0,0.0,0.0,0.8571428571428573,0.0
73,7.4624320897937055,0.0,0.0,0.9070460045258278,-7.4624320897937055
74,0.0,0.0,0.0,1.0573594664676846,0.0
75,68.28308163291449,37.440847951025965,0.0,0.7579553053587068,-30.842233681888523
76,61.52387118165863,42.126235645597845,0.0,0.8974547961992064,-19.397635536060783
77,66.7095300840102,42.30471638037996,0.0,0.849205519134561,-24.40481370363024
78,0.0,0.0,0.0,1.138970493263629,0.0
79,17.203292366433477,52.67404411164638,0.0,0.989572837356961,35.47075174521291
80,14.203225865571268,12.996370248145892,0.0,1.1437087180672447,-1.2068556174253757
81,20.931673365722816,0.8828083722863179,0.0,0.8071112509614591,-20.0488649934365
82,0.0,0.0,0.0,0.9447792845521348,0.0
83,0.0,23.622304122991412,0.0,1.16161616247605,23.622304122991412
84,0.0,0.0,0.0,1.00181738790297,0.0
85,0.0,0.0,0.0,0.9815648369241192,0.0
86,6.110399274688562,0.0,0.0,0.865541995762523,-6.110399274688562
87,0.0,0.0,0.0,1.004750620564033,0.0
88,0.0,0.0,0.0,1.1797704567558216,0.0
89,0.0,0.0,0.0,0.9665971337137267,0.0
90,0.0,19.740090053079168,0.0,0.9562755953070778,19.740090053079168
91,0.0,0.0,0.0,0.7978285758460014,0.0
92,37.41650453651876,41.888678315721954,0.0,0.9562755953070778,4.472173779203196
93,26.900138394713206,0.0,0.0,1.0384808548554583,-26.900138394713206
94,40.70070769548001,20.74320147471836,0.0,1.0846310755806878,-19.95750622076165
95,18.433980907374174,0.0,0.0,0.8554429830693402,-18.433980907374174
96,0.0,0.0,0.0,0.8571428571428573,0.0
97,0.0,0.0,0.0,0.9119446160430368,0.0
98,0.0,0.0,0.0,0.997240178573313,0.0
99,16.206362341747614,1.8525758879266239,0.0,1.1581217606042398,-14.35378645382099
100,22.600994123573006,0.0,0.0,1.0632339687496852,-22.600994123573006
101,18.18905895197126,0.0,0.0,1.000258310916496,-18.18905895197126
102,0.0,0.0,0.0,0.9119446160430368,0.0
103,0.0,0.0,0.0,0.9147391835585303,0.0
104,22.266065094702768,0.055042121909752856,0.0,0.814052606604292,-22.211022972793014
105,9.884999296319856,7.9570633560264,0.0,0.9596339325668142,-1.9279359402934562
106,40.64971564410465,21.2130303287591,0.0,0.7156805898186362,-19.436685315345553
107,29.245745780361677,7.521264002829819,0.0,0.6469572542478823,-21.724481777531857
108,0.0,0.0,0.0,1.152064698355274,0.0
109,2.7024896750045246,20.278153516351882,0.0,0.997240178573313,17.575663841347357
110,20.944235307801097,3.1403818782561093,0.0,0.9737770165553341,-17.803853429544986
111,21.914047839942445,22.42229881982467,0.0,1.012868751012897,0.5082509798822272
112,0.0,37.69800365765397,0.0,0.981564836924119,37.69800365765397
113,0.0,0.0,0.0,0.9215214535241205,0.0
114,23.53805035953028,0.0,0.0,0.9752226244685793,-23.53805035953028
115,46.875633076552134,3.1295852298418962,0.0,0.8629339516203349,-43.74604784671024
116,0.0,0.0,0.0,0.7760070537748714,0.0
117,0.0,18.934432406366426,0.0,1.1203400512153185,18.934432406366426
118,0.0,0.0,0.0,1.0556219475624218,0.0
119,0.0,4.864540073604997,0.0,0.9447792845521346,4.864540073604997
120,65.84366074019684,42.0597117922466,0.0,0.6448843984431147,-23.783948947950236
121,0.0,0.0,0.0,1.1461842449264712,0.0
122,33.455702203989105,13.289425055206888,0.0,0.8915303431502175,-20.166277148782218
123,0.0,1.3279830541076758,0.0,1.027696695811552,1.3279830541076758
124,23.44019712605558,16.499278624339276,0.0,0.8686588144862785,-6.940918501716304
125,0.0,0.0,0.0,0.9815648369241193,0.0
126,42.59644677581537,0.0,0.0,0.6973194796835279,-42.59644677581537
127,0.0,27.892755565711436,0.0,0.806621390528077,27.892755565711436
128,0.0,25.166711162978185,0.0,1.084631075580688,25.166711162978185
129,0.0,0.0,0.0,0.9815648369241193,0.0
130,43.049505586711376,19.038423430590985,0.0,0.7280906638009177,-24.01108215612039
131,0.0,0.0,0.0,0.7487945431161716,0.0
132,0.0,0.0,0.0,0.8396310584213877,0.0
133,40.086432914483886,0.0,0.0,0.97453597471657,-40.086432914483886
134,51.799622045854555,1.7351253176883217,0.0,0.8066213905280769,-50.06449672816623
135,34.262036074146046,15.434841701444252,0.0,0.9596339325668141,-18.827194372701793
136,0.0,0.0,0.0,0.7580138321701141,0.0
137,68.91330447795663,43.019500358155305,0.0,0.8919138097897781,-25.893804119801324
138,0.0,0.0,0.0,0.8983962666952051,0.0
139,74.80320684662827,54.586019140772734,0.0,0.9218334923561674,-20.217187705855537
140,0.0,0.0,0.0,0.6305859753515705,0.0
141,0.0,0.0,0.0,1.0364177765651141,0.0
142,0.0,13.64851981185662,0.0,0.9049264339977894,13.64851981185662
143,43.87444102036969,1.6317434421834163,0.0,0.9317199641895137,-42.242697578186274
144,0.0,0.0,0.0,0.958691914147395,0.0
145,0.0,22.8853238914211,0.0,1.0445805584942618,22.8853238914211
146,58.54846538770897,26.51887392408932,0.0,0.7156805898186361,-32.02959146361965
147,0.0,23.377604171889157,0.0,0.9517611164908648,23.377604171889157
148,0.0,1.5450388258848247,0.0,1.0156991684438135,1.5450388258848247
149,0.0,18.20284457478772,0.0,0.88003429696917,18.20284457478772
150,4.0889558994662325,0.0,0.0,1.0304506642380176,-4.0889558994662325
151,44.14944353922163,39.17105109904524,0.0,0.8655419957625232,-4.9783924401763855
152,58.80077528950623,46.669198388002194,0.0,1.0556219475624218,-12.131576901504033
153,0.0,0.0,0.0,0.8140526066042919,0.0
154,0.0,0.0,0.0,1.0141198910578342,0.0
155,23.754316828830085,25.335954642057857,0.0,0.8800342969691698,1.581637813227772
156,42.29173841433557,0.0,0.0,0.8571428571428573,-42.29173841433557
157,0.0,0.0,0.0,1.0384808548554583,0.0
158,0.0,33.8352048045533,0.0,0.9833266869209388,33.8352048045533
159,0.0,0.0,0.0,1.0590129408324283,0.0
160,0.0,0.0,0.0,0.8219822346603335,0.0
161,0.0,0.0,0.0,1.1075598904503259,0.0
162,0.0,0.0,0.0,1.0397090448578314,0.0
163,0.0,0.0,0.0,0.9577163247106237,0.0
164,0.0,0.0,0.0,1.0225382564102197,0.0
165,0.0,32.75000912398302,0.0,0.7667727156505628,32.75000912398302
166,0.0,2.0015892798461024,0.0,0.7943251103624893,2.0015892798461024
167,0.0,30.664565793368944,0.0,0.871374928438111,30.664565793368944
168,0.0,0.0,0.0,1.0108491526700458,0.0
169,0.0,0.0,0.0,0.9808391786436812,0.0
170,0.0,0.0,0.0,0.7016310591797091,0.0
171,31.04576968799369,0.0,0.0,0.7356773463325216,-31.04576968799369
172,0.0,0.0,0.0,0.7609115126021252,0.0
173,0.0,0.0,0.0,0.9051603339874772,0.0
174,0.0,0.0,0.0,1.0104323264560806,0.0
175,0.0,16.108583075927836,0.0,0.9215214535241206,16.108583075927836
176,0.0,0.0,0.0,0.9225660705534788,0.0
177,0.0,0.0,0.0,0.9310945599352182,0.0
178,0.0,20.209854084893692,0.0,1.130852765533909,20.209854084893692
179,0.0,27.89808926196877,0.0,1.101367653215955,27.89808926196877
180,0.0,0.0,0.0,0.9517611164908648,0.0
181,0.0,0.0,0.0,0.904926433997789,0.0
182,0.0,0.0,0.0,0.9124329702753096,0.0
183,0.0,16.46125696136938,0.0,0.9157538932348751,16.46125696136938
184,0.0,0.0,0.0,0.8525334700052494,0.0
185,45.17072471994869,24.9154487826134,0.0,0.9447792845521346,-20.255275937335288
186,0.0,29.30642614180402,0.0,0.9218334923561677,29.30642614180402
187,68.04080190119744,48.903711532931034,0.0,0.9290354481069525,-19.137090368266406
188,0.0,0.0,0.0,0.8915303431502173,0.0
189,0.0,32.01310567237615,0.0,1.0067606539976153,32.01310567237615
190,18.21060073978615,37.03473842398801,0.0,0.7934920476158722,18.82413768420186
191,0.0,0.0,0.0,0.6469572542478823,0.0
192,0.0,0.0,0.0,0.8485652745723713,0.0
193,0.0,0.0,0.0,0.6439525384216045,0.0
194,0.0,0.0,0.0,0.9248716945523219,0.0
195,0.0,11.993052737912018,0.0,0.8983962666952052,11.993052737912018
196,28.807450302383202,0.0,0.0,1.0846310755806878,-28.807450302383202
197,0.0,0.0,0.0,0.9212716037021471,0.0
198,0.0,0.0,0.0,0.8991005046858391,0.0
199,68.06395223114835,24.897911398146267,0.0,0.7121136741413501,-43.166040833002086
200,0.0,0.0,0.0,0.9945476669267401,0.0
201,35.75954529533467,6.493721425912915,0.0,0.8223312842919444,-29.26582386942175
202,0.0,0.0,0.0,1.0371247815256555,0.0
203,3.013449302134329,0.0,0.0,1.0925011752044895,-3.013449302134329
204,0.0,9.179865484388511,0.0,1.0796224876154648,9.179865484388511
205,28.68989415516904,33.57404179760146,0.0,0.9124329702753096,4.884147642432421
206,41.88685344267898,49.51913503043565,0.0,0.8640385593707371,7.6322815877566725
207,22.85676971907257,0.0,0.0,0.7559819354949553,-22.85676971907257
208,0.0,0.0,0.0,1.0632339687496855,0.0
209,1.8869434016476332,0.0,0.0,0.5598433318465245,-1.8869434016476332
210,0.0,0.0,0.0,0.831122361508595,0.0
211,0.0,0.0,0.0,0.7410176400445154,0.0
212,1.5081364602087919,0.0,0.0,0.9745359747165702,-1.5081364602087919
213,62.25535855034362,54.96744762192536,0.0,1.003314461584768,-7.287910928418263
214,0.0,0.0,0.0,0.8702694586459382,0.0
215,0.0,31.552418480836923,0.0,0.7807949998290422,31.552418480836923
216,0.0,0.0,0.0,0.9577163247106233,0.0
217,0.0,31.561862129230718,0.0,0.9157538932348754,31.561862129230718
218,47.90674180955448,31.802227351580854,0.0,0.8511212794995591,-16.10451445797363
219,0.0,0.0,0.0,0.7604950819560246,0.0
220,39.655816117593716,0.0,0.0,0.7452233078540188,-39.655816117593716
221,0.0,0.0,0.0,0.8991005046858389,0.0
222,0.0,33.78681093516293,0.0,0.9137270593213044,33.78681093516293
223,0.0,0.0,0.0,1.2268825058781359,0.0
224,33.06085894719148,0.0,0.0,0.7455223480410036,-33.06085894719148
225,25.428993547768762,7.06336012218554,0.0,0.9517611164908649,-18.365633425583223
226,0.0,0.42491385784813684,0.0,1.1230091763540087,0.42491385784813684
227,47.771410308486495,0.5355998224509497,0.0,0.8206407354354481,-47.23581048603555
228,0.0,0.0,0.0,1.13140141657929,0.0
229,0.0,44.376070596692344,0.0,0.7604950819560247,44.376070596692344
230,0.0,7.251827125618934,0.0,0.8702694586459384,7.251827125618934
231,0.0,0.0,0.0,0.9361106686687699,0.0
232,4.395564664829298,0.0,0.0,0.7934920476158722,-4.395564664829298
233,0.0,0.0,0.0,0.9562755953070778,0.0
234,0.0,0.0,0.0,0.7499987803321237,0.0
235,40.52354603577027,13.91187358997335,0.0,0.5727538618682043,-26.611672445796923
236,53.16219320384644,15.869591867442484,0.0,0.8460520181585292,-37.29260133640396
237,0.0,24.758999818287787,0.0,0.833698371274667,24.758999818287787
238,12.32571934402664,15.614561681068123,0.0,0.8223312842919445,3.2888423370414834
239,36.51039995375599,6.594038236226448,0.0,0.876747235117234,-29.916361717529547
240,0.0,0.0,0.0,1.1700912671271422,0.0
241,14.063282187599274,25.403390527194908,0.0,1.0806542262146905,11.340108339595634
242,71.69925640846024,30.32185215725481,0.0,1.097237724898797,-41.377404251205434
243,3.9788939002850827,0.0,0.0,0.885631255712826,-3.9788939002850827
244,0.0,13.069486192668517,0.0,0.7083242718338125,13.069486192668517
245,53.79337451550678,33.425884187874665,0.0,0.8402583127320905,-20.36749032763211
246,0.0,36.279046227211786,0.0,0.831122361508595,36.279046227211786
247,19.157690732425078,0.0,0.0,1.146184244926471,-19.157690732425078
248,0.0,12.42202817252399,0.0,0.8554429830693401,12.42202817252399
249,0.0,26.804759045630078,0.0,0.938964455664424,26.804759045630078
250,27.718465543397375,35.79735281211869,0.0,1.0775968665287503,8.078887268721314
251,0.0,27.4865311541899,0.0,0.988051833196875,27.4865311541899
252,20.63358122818623,7.732966949422491,0.0,0.7730242192771393,-12.90061427876374
253,0.0,4.53078909209674,0.0,0.6306383974089317,4.53078909209674
254,0.0,11.344552659368306,0.0,1.0083700392587114,11.344552659368306
255,0.0,26.082046833925844,0.0,0.856575776129977,26.082046833925844
256,20.796942943279717,27.132031778385386,0.0,0.7344937214065984,6.335088835105669
257,0.0,0.0,0.0,0.8164965809277261,0.0
258,38.531900240761416,8.908539329465045,0.0,1.012868751012897,-29.623360911296373
259,62.70137023942649,46.88453663297545,0.0,1.1561670500150105,-15.816833606451041
260,0.0,0.0,0.0,0.7478314627164777,0.0
261,0.0,0.0,0.0,0.9137270593213044,0.0
262,63.82817664120035,47.35543017032078,0.0,0.630733946194725,-16.47274647087957
263,1.3324710691840607,0.0,0.0,0.9601088273057897,-1.3324710691840607
264,24.71520905164977,41.22162439455569,0.0,0.9752226244685792,16.50641534290592
265,32.553560691495456,29.07454926060687,0.0,0.946876811852882,-3.479011430888587
266,31.689016150904603,13.355708315564124,0.0,1.002588641463133,-18.333307835340477
267,40.469101295649146,24.603767235068975,0.0,0.918045268160929,-15.865334060580171
268,0.7170984084451039,22.29698998901987,0.0,1.0225382564102197,21.579891580574767
269,0.0,1.3172399310949543,0.0,0.9119446160430366,1.3172399310949543
270,59.354187478272365,0.0,0.0,0.8961629360272861,-59.354187478272365
271,71.1580480231116,50.6717866949732,0.0,1.0087991714748228,-20.486261328138404
272,0.0,35.209910395779424,0.0,0.7199471944083732,35.209910395779424
273,0.0,0.0,0.0,0.965723701930497,0.0
274,22.476459101706737,27.44044790289109,0.0,0.8800342969691698,4.963988801184353
275,61.556186937670574,12.430477774814447,0.0,0.9462483031073061,-49.125709162856126
276,0.0,0.49584700193517245,0.0,0.9038001711201786,0.49584700193517245
277,0.0,0.0,0.0,0.5241744638214608,0.0
278,0.0,0.0,0.0,0.8338059285749946,0.0
279,20.08874365705583,0.0,0.0,0.7507737482354834,-20.08874365705583
280,0.0,0.0,0.0,0.7345757208177568,0.0
281,59.57541096151636,0.0,0.0,0.7750466950729701,-59.57541096151636
282,0.0,14.796269697159381,0.0,1.0679400113155209,14.796269697159381
283,0.0,0.0,0.0,1.0846310755806878,0.0
284,0.0,0.0,0.0,0.8726652814749556,0.0
285,36.44743558672979,0.0,0.0,1.0876632523441145,-36.44743558672979
286,0.0,18.155770993878843,0.0,1.1682045563643582,18.155770993878843
287,16.58555992262689,0.0,0.0,0.9847738677576787,-16.58555992262689
288,14.103019268981603,0.0,0.0,0.8373748230012221,-14.103019268981603
289,0.0,0.0,0.0,0.9220514547035892,0.0
290,49.863947569834686,28.495276546786503,0.0,1.0698031594285604,-21.368671023048183
291,0.0,0.8203145606291345,0.0,0.6202170391153503,0.8203145606291345
292,0.0,0.0,0.0,0.8511212794995588,0.0
293,0.0,0.0,0.0,0.9577163247106232,0.0
294,3.9607614785174,0.0,0.0,0.9586919141473953,-3.9607614785174
295,0.0,0.0,0.0,1.012868751012897,0.0
296,23.340387391227413,0.0,0.0,0.9157538932348754,-23.340387391227413
297,0.0,0.0,0.0,1.0445805584942618,0.0
298,0.0,0.0,0.0,0.8796292311886459,0.0
299,0.0,0.0,0.0,0.9292713473563016,0.0
300,0.0,36.88773743402171,0.0,0.9815648369241191,36.88773743402171
301,0.0,0.0,0.0,0.7344937214065985,0.0
302,0.0,0.0,0.0,1.0620470510088043,0.0
303,65.61390818620829,55.37035145748376,0.0,0.9310150827660446,-10.243556728724535
304,0.0,0.0,0.0,0.9296590385608259,0.0
305,0.0,0.0,0.0,0.9404652596369888,0.0
306,41.150586518488005,45.99278075813661,0.0,0.754015850339985,4.842194239648606
307,0.0,0.0,0.0,0.8128713549204114,0.0
308,0.0,20.298710911590753,0.0,0.7743160013166073,20.298710911590753
309,18.67972600398004,25.342232665067897,0.0,0.7142177647313096,6.662506661087857
310,0.0,0.8965206592811884,0.0,1.1993316710861581,0.8965206592811884
311,24.67187208524042,40.555605666540494,0.0,0.8074531783351362,15.883733581300074
312,51.95677229293235,29.060681730342125,0.0,1.0590129408324287,-22.896090562590224
313,30.709493688019723,18.67464420469187,0.0,1.0297120790597296,-12.034849483327854
314,0.0,0.0,0.0,0.9231274323687387,0.0
315,0.0,10.290199039340475,0.0,0.9147391835585306,10.290199039340475
316,17.303657317969424,0.0,0.0,0.9880518331968751,-17.303657317969424
317,0.0,0.0,0.0,0.7021602529713191,0.0
318,67.24442311643642,38.86866165230193,0.0,0.9752226244685791,-28.37576146413449
319,0.0,28.963940166210428,0.0,0.7507737482354835,28.963940166210428
320,0.0,38.095204686823806,0.0,1.180351289517941,38.095204686823806
321,0.0,0.0,0.0,1.0167713864826466,0.0
322,0.0,0.0,0.0,0.9737770165553341,0.0
323,0.0,0.0,0.0,0.9745359747165703,0.0
324,0.0,1.6708378043641847,0.0,0.728750515810519,1.6708378043641847
325,0.42743209170903584,11.018699114749339,0.0,0.8713749284381109,10.591267023040302
326,0.0,50.76105158587225,0.0,0.8291837273860782,50.76105158587225
327,0.0,40.54489387950406,0.0,0.8004659302928664,40.54489387950406
328,45.78868593612238,44.54638502485786,0.0,0.8059303999253342,-1.2423009112645147
329,0.0,11.786764204457757,0.0,0.8564992908282224,11.786764204457757
330,0.0,9.920047345156656,0.0,0.7611344111525064,9.920047345156656
331,0.0,0.0,0.0,0.8451122016042037,0.0
332,16.921268106675903,0.0,0.0,0.7487945431161714,-16.921268106675903
333,40.804344814767376,21.03903142693521,0.0,0.980839178643681,-19.765313387832165
334,0.0,12.061214978854068,0.0,0.9833266869209388,12.061214978854068
335,0.0,0.0,0.0,0.7478314627164776,0.0
336,0.0,0.0,0.0,1.0545955547516235,0.0
337,4.559897727955,4.923331570871771,0.0,0.8800342969691698,0.3634338429167716
338,60.08659006883018,40.90648382109526,0.0,0.9745359747165702,-19.180106247734926
339,0.0,40.15885629417373,0.0,0.8303627180674106,40.15885629417373
340,9.473119387429248,16.305003974871212,0.0,0.96010882730579,6.831884587441964
341,37.248614552419475,15.584974389840085,0.0,0.9378857231185628,-21.66364016257939
342,0.0,0.0,0.0,1.055621947562422,0.0
343,0.0,22.189605490548097,0.0,0.9517611164908648,22.189605490548097
344,35.79962256614335,3.5918343946914213,0.0,0.7478314627164777,-32.207788171451924
345,17.098798924339416,0.0,0.0,1.0123040080395131,-17.098798924339416
346,15.272376255161078,0.0,0.0,0.7909298751094945,-15.272376255161078
347,0.0,0.0,0.0,1.0206207261596576,0.0
348,0.0,0.0,0.0,0.9847738677576784,0.0
349,0.0,21.820266871038598,0.0,0.7934920476158723,21.820266871038598
350,0.0,31.203413176629002,0.0,0.892356306991322,31.203413176629002
351,26.03099512525943,37.7397298136451,0.0,1.0230591640632318,11.708734688385668
352,0.0,35.975052702392766,0.0,0.9672400905703634,35.975052702392766
353,24.225230584592154,0.0,0.0,1.0642617446965243,-24.225230584592154
354,0.0,0.0,0.0,0.8525334700052494,0.0
355,0.0,0.0,0.0,1.0371247815256552,0.0
356,0.0,0.0,0.0,0.7209187662729624,0.0
357,0.0,0.0,0.0,0.7828670937180798,0.0
358,0.0,11.126443624614199,0.0,0.737053436229113,11.126443624614199
359,22.00735471559661,48.156143248447556,0.0,0.9389644556644239,26.148788532850947
360,0.0,0.0,0.0,1.158121760604239,0.0
361,0.0,0.0,0.0,0.6194011331067929,0.0
362,0.0,32.19650235301585,0.0,0.9905729953728485,32.19650235301585
363,0.0,0.0,0.0,0.7834894340275861,0.0
364,0.0,0.0,0.0,0.9972401785733129,0.0
365,0.0,0.0,0.0,0.9984236135154266,0.0
366,0.0,0.0,0.0,0.9808391786436808,0.0
367,16.60393439877743,0.5850590828334234,0.0,1.027696695811552,-16.018875315944005
368,0.0,2.4589772579596203,0.0,0.8627478143749719,2.4589772579596203
369,0.0,15.594379756772717,0.0,0.7403702068483775,15.594379756772717
370,0.0,0.0,0.0,1.080654226214691,0.0
371,51.011471618754435,46.10066941324404,0.0,0.9220514547035892,-4.910802205510393
372,0.0,0.0,0.0,0.7113904097740928,0.0
373,3.42633163551874,10.24955103617488,0.0,1.010030326529135,6.82321940065614
374,0.0,0.0,0.0,0.9283670649694296,0.0
375,0.0,0.0,0.0,0.8713749284381112,0.0
376,0.0,0.0,0.0,1.0384808548554583,0.0
377,59.63620348511686,35.631682342486556,0.0,0.8265955821980362,-24.004521142630303
378,20.840241055151306,6.703497190592138,0.0,0.8800342969691698,-14.136743864559168
379,0.0,20.563757448068078,0.0,0.8800342969691698,20.563757448068078
380,0.0,0.0,0.0,0.7539980898739251,0.0
381,0.0,0.0,0.0,0.7171631032524377,0.0
382,70.39481041920187,55.85834386791031,0.0,0.8059303999253343,-14.536466551291568
383,0.632914314283898,0.0,0.0,0.5727538618682043,-0.632914314283898
384,6.722430626678073,2.3006459361554232,0.0,0.6858571279792899,-4.421784690522649
385,26.49534555751492,0.0,0.0,0.9886268531437736,-26.49534555751492
386,55.19085901807013,43.08899709470113,0.0,0.7499382080328508,-12.101861923369
387,0.0,5.416210179521547,0.0,0.8874353099923751,5.416210179521547
388,17.363159786003475,0.0,0.0,0.6677385099203182,-17.363159786003475
389,0.0,0.0,0.0,0.787365039880748,0.0
390,0.0,0.0,0.0,0.814052606604292,0.0
391,0.0,0.0,0.0,0.7667727156505629,0.0
392,0.0,0.0,0.0,0.9517611164908646,0.0
393,0.0,19.029352272267687,0.0,0.8564992908282224,19.029352272267687
394,0.0,0.0,0.0,0.9483163943025726,0.0
395,38.98332186577386,38.29707165356844,0.0,0.6324756588665301,-0.6862502122054224
396,0.0,0.0,0.0,0.6776309271789384,0.0
397,26.71387099236835,0.0,0.0,0.6399637266506374,-26.71387099236835
398,6.314890469259011,36.96644708209185,0.0,0.9657237019304971,30.651556612832835
399,0.0,0.0,0.0,1.0620470510088043,0.0
400,0.0,0.0,0.0,1.0556219475624218,0.0
401,0.0,12.508574461274874,0.0,0.9220514547035891,12.508574461274874
402,0.0,0.0,0.0,0.8980778168987372,0.0
403,0.0,0.0,0.0,0.7534228438547215,0.0
404,24.351725722348426,19.073623975058347,0.0,0.988051833196875,-5.27810174729008
405,0.0,0.0,0.0,0.9341122396144015,0.0
406,55.98599062076549,11.888993662267316,0.0,0.9447792845521346,-44.096996958498174
407,30.83954467099045,25.443819077761177,0.0,1.0190353380854513,-5.3957255932292725
408,0.0,0.0,0.0,1.0918306340086428,0.0
409,0.0,0.0,0.0,0.9743979889825936,0.0
410,73.46057069694545,31.60840365861483,0.0,0.9051603339874773,-41.85216703833062
411,0.0,12.555065526476506,0.0,0.9218334923561677,12.555065526476506
412,34.14907280537406,0.0,0.0,0.871374928438111,-34.14907280537406
413,67.5216607414804,46.69489744531099,0.0,0.870707400652493,-20.82676329616941
414,0.0,0.0,0.0,0.9051603339874774,0.0
415,0.0,4.646320607184724,0.0,0.9439203068118162,4.646320607184724
416,0.0,16.92582333071523,0.0,0.958691914147395,16.92582333071523
417,0.0,37.250159740582525,0.0,1.1093646621107744,37.250159740582525
418,27.444418916109342,0.0,0.0,0.9100627921821033,-27.444418916109342
419,0.0,18.604301905084156,0.0,0.943920306811816,18.604301905084156
420,0.0,0.0,0.0,0.9483163943025729,0.0
421,0.0,0.0,0.0,0.8074531783351364,0.0
422,5.462473578262596,9.15311815997051,0.0,1.00181738790297,3.6906445817079145
423,0.0,0.0,0.0,0.9094739452798289,0.0
424,0.0,18.197742683661293,0.0,0.7499382080328507,18.197742683661293
425,0.0,0.0,0.0,0.7156805898186361,0.0
426,0.0,11.208312456763581,0.0,0.8702694586459384,11.208312456763581
427,0.0,0.0,0.0,0.988051833196875,0.0
428,0.0,0.0,0.0,1.0445805584942618,0.0
429,0.0,0.0,0.0,0.9895728373569611,0.0
430,0.0,0.0,0.0,0.8511212794995591,0.0
431,0.28320905941982516,21.467385834686112,0.0,0.9361106686687699,21.184176775266288
432,44.74052745568246,0.9260445244245914,0.0,0.9341122396144017,-43.81448293125787
433,0.0,0.0,0.0,0.7075951691214147,0.0
434,33.930504311730665,0.0,0.0,0.9292713473563018,-33.930504311730665
435,0.0,30.527915480956658,0.0,1.0220777158038703,30.527915480956658
436,65.5044536432289,40.34430085378409,0.0,0.9929300507157927,-25.16015278944481
437,8.377034253030748,0.0,0.0,0.8702694586459385,-8.377034253030748
438,33.27346372244763,20.711882813073604,0.0,0.7990108756042549,-12.561580909374026
439,0.0,15.40882046052086,0.0,0.988051833196875,15.40882046052086
440,0.0,0.0,0.0,1.0632339687496852,0.0
441,0.0,2.234801424916538,0.0,0.7769576435539434,2.234801424916538
442,0.0,0.0,0.0,0.9873069643493245,0.0
443,48.466446962957335,17.984183418053505,0.0,0.7056037680064035,-30.48226354490383
444,0.0,40.6417498733893,0.0,0.943920306811816,40.6417498733893
445,51.05702655842044,14.381991080057594,0.0,1.0632339687496852,-36.675035478362844
446,0.0,0.0,0.0,0.958691914147395,0.0
447,0.0,6.406113918546032,0.0,0.9283670649694296,6.406113918546032
448,0.0,32.03311389097065,0.0,1.0719198460309904,32.03311389097065
449,0.0,29.97968176046737,0.0,0.8391152044861524,29.97968176046737
450,0.0,5.397018988462258,0.0,1.1461842449264714,5.397018988462258
451,0.0,0.0,0.0,0.8702694586459382,0.0
452,0.0,0.0,0.0,0.7670377726280762,0.0
453,0.0,0.0,0.0,0.8961629360272862,0.0
454,0.0,0.0,0.0,0.7690009558818585,0.0
455,25.961282245993537,28.119632329716143,0.0,0.871374928438111,2.158350083722606
456,0.0,0.0,0.0,1.0996105768324904,0.0
457,0.0,42.27289707115224,0.0,0.9847738677576784,42.27289707115224
458,0.0,0.0,0.0,0.833698371274667,0.0
459,55.7900883279259,2.7578893459359084,0.0,0.9752226244685793,-53.03219898198999
460,0.0,0.0,0.0,0.938964455664424,0.0
461,14.155810445325152,0.0,0.0,0.9483163943025726,-14.155810445325152
462,0.0,4.6726340084714195,0.0,0.800465930292867,4.6726340084714195
463,0.0,39.26118603113652,0.0,0.924871694552322,39.26118603113652
464,0.0,27.080085441631006,0.0,1.106122242904839,27.080085441631006
465,0.0,12.778833956483318,0.0,1.0556219475624218,12.778833956483318
466,36.461330526123525,24.148166975481953,0.0,0.6385034218035215,-12.313163550641573
467,72.63760464021541,36.20837844543402,0.0,0.8468773029080174,-36.42922619478139
468,28.209691656053902,0.0,0.0,0.5372427175954361,-28.209691656053902
469,6.956553932146506,0.0,0.0,0.6844397011428841,-6.956553932146506
470,53.870380908453065,20.2138800452251,0.0,0.8525334700052496,-33.65650086322796
471,0.0,0.0,0.0,0.9370508222337033,0.0
472,0.0,7.07879546305989,0.0,0.9112401275088898,7.07879546305989
473,0.0,40.31258440511677,0.0,1.0573594664676844,40.31258440511677
474,0.0,0.0,0.0,0.948316394302573,0.0
475,45.94342480346461,31.12865531092152,0.0,0.8402583127320906,-14.814769492543089
476,27.875206237841766,0.0,0.0,0.9310150827660446,-27.875206237841766
477,0.0,31.24777324169534,0.0,0.9051603339874774,31.24777324169534
478,8.207807830327116,0.0,0.0,0.9462483031073061,-8.207807830327116
479,56.38712800419721,39.58486417244184,0.0,0.9665971337137265,-16.80226383175537
480,0.0,0.0,0.0,1.1249119435811388,0.0
481,0.0,0.0,0.0,0.8915303431502175,0.0
482,25.053255727783053,0.0,0.0,0.8273670317051647,-25.053255727783053
483,45.1941113063609,0.0,0.0,0.8542066217895576,-45.1941113063609
484,35.69060826488043,0.0,0.0,0.8336983712746671,-35.69060826488043
485,63.65039550090748,43.90670239208555,0.0,0.6940682184781662,-19.74369310882193
486,0.0,13.25601488494762,0.0,0.9945476669267401,13.25601488494762
487,52.24286045975418,1.4999641726026738,0.0,0.5191639914323797,-50.74289628715151
488,19.812587563694002,0.0,0.0,0.9577163247106233,-19.812587563694002
489,24.13822364110371,31.966812567520677,0.0,0.9483163943025731,7.828588926416966
490,0.0,12.480472424740476,0.0,0.9657237019304971,12.480472424740476
491,3.577129449057255,53.31701304814348,0.0,0.7556995099415736,49.73988359908623
492,10.61627925893168,6.230540651961568,0.0,1.0679400113155209,-4.385738606970112
493,0.0,0.0,0.0,1.0156991684438135,0.0
494,0.0,0.0,0.0,1.069597017760155,0.0
495,0.0,0.0,0.0,0.9847738677576786,0.0
496,60.30551878325689,39.4439786572345,0.0,0.9737770165553341,-20.86154012602239
497,0.0,0.0,0.0,0.5798395300747622,0.0
498,0.0,0.0,0.0,1.0573594664676844,0.0
499,38.79831510868527,30.204994787923123,0.0,0.8277248022225053,-8.59332032076215
500,0.0,0.0,0.0,1.2080634394241294,0.0
501,0.3092739854748479,41.55715090181243,0.0,0.8355566973100286,41.24787691633758
502,0.0,0.0,0.0,1.152064698355274,0.0
503,0.0,0.0,0.0,1.1004110505330493,0.0
504,0.0,0.0,0.0,0.9976169540189581,0.0
505,48.67573319072566,26.13920166026269,0.0,1.0047506205640329,-22.53653153046297
506,13.702411698474606,14.657071970447557,0.0,1.047028656618868,0.9546602719729513
507,0.0,36.818701267268935,0.0,0.9277781116239961,36.818701267268935
508,11.732935563970122,0.0,0.0,0.8216156795397694,-11.732935563970122
509,11.204877771971763,0.0,0.0,0.8276732290667725,-11.204877771971763
510,0.0,0.0,0.0,0.6646063041566078,0.0
511,0.0,0.0,0.0,0.7760070537748716,0.0
512,0.0,0.0,0.0,0.8280409481089125,0.0
513,0.0,0.0,0.0,0.8206407354354481,0.0
514,58.22984147572554,0.0,0.0,1.076800004135864,-58.22984147572554
515,43.55920171786835,0.0,0.0,1.0229195639161988,-43.55920171786835
516,47.493100605921974,20.39117445246567,0.0,0.8396310584213879,-27.101926153456304
517,38.078968357656805,10.747698122541884,0.0,0.9815648369241193,-27.33127023511492
518,0.0,0.0,0.0,1.055621947562422,0.0
519,0.0,0.0,0.0,0.8136236942160998,0.0
520,0.0,2.6875534609384246,0.0,0.9929300507157925,2.6875534609384246
521,0.0,0.0,0.0,0.7021602529713191,0.0
522,0.0,0.0,0.0,1.0620470510088043,0.0
523,0.0,23.356225718361216,0.0,0.8841272197087874,23.356225718361216
524,0.0,0.0,0.0,1.0384808548554583,0.0
525,0.0,0.0,0.0,0.9517611164908646,0.0
526,46.189981606043744,0.0,0.0,0.934959406412435,-46.189981606043744
527,16.777624585878606,0.0,0.0,0.9752226244685791,-16.777624585878606
528,28.739391849475737,33.80545393026871,0.0,0.9378857231185632,5.066062080792975
529,10.109605680404366,0.0,0.0,0.7325996286450025,-10.109605680404366
530,29.298226176332527,0.0,0.0,0.7021602529713191,-29.298226176332527
531,45.66972438660201,25.190106932370654,0.0,0.9929300507157925,-20.47961745423136
532,0.0,3.575187648585005,0.0,0.8481672919312798,3.575187648585005
533,0.0,0.0,0.0,0.8841272197087872,0.0
534,0.0,0.0,0.0,1.0470286566188682,0.0
535,45.79235561475263,21.808249955611934,0.0,0.9180452681609288,-23.984105659140695
536,0.0,0.0,0.0,0.6858571279792899,0.0
537,31.06478084427949,48.87496099095729,0.0,0.96010882730579,17.8101801466778
538,0.0,0.0,0.0,1.1230091763540089,0.0
539,0.0,10.120351355070492,0.0,1.097237724898797,10.120351355070492
540,0.0,0.0,0.0,0.9180452681609288,0.0
541,0.0,0.0,0.0,0.8554429830693402,0.0
542,2.0937511538849387,0.0,0.0,0.9049264339977893,-2.0937511538849387
543,0.0,0.0,0.0,1.0485028230232714,0.0
544,48.718811231488004,27.751619287272344,0.0,0.6928302946396696,-20.96719194421566
545,0.0,0.0,0.0,0.9815648369241194,0.0
546,0.0,7.819192916682588,0.0,1.027696695811552,7.819192916682588
547,0.0,0.0,0.0,0.6844397011428841,0.0
548,0.0,0.0,0.0,1.158121760604239,0.0
549,13.42869906648627,44.24005368632721,0.0,0.6661996256040932,30.811354619840937
550,0.0,0.0,0.0,0.9929300507157925,0.0
551,0.0,0.0,0.0,0.907046004525828,0.0
552,19.192081342027365,13.872083447339884,0.0,1.1786258261799758,-5.31999789468748
553,29.403759871551138,0.0,0.0,0.7679792057676388,-29.403759871551138
554,29.016216885014558,0.0,0.0,0.7559819354949552,-29.016216885014558
555,0.0,0.0,0.0,0.885631255712826,0.0
556,26.920786313039933,0.0,0.0,0.7561935084134972,-26.920786313039933
557,2.460045458449144,0.0,0.0,0.9130067063879888,-2.460045458449144
558,0.0,45.616914891094524,0.0,1.0161531922799478,45.616914891094524
559,0.0,0.0,0.0,1.1155504559509533,0.0
560,0.0,0.0,0.0,1.0719198460309907,0.0
561,0.0,0.0,0.0,1.1531994023615963,0.0
562,0.0,6.338783989525812,0.0,1.0164463907684078,6.338783989525812
563,30.71834818467866,32.59616385877971,0.0,0.8074531783351362,1.8778156741010505
564,0.0,17.757008000062193,0.0,0.8554429830693402,17.757008000062193
565,31.885842050794857,40.06624826144684,0.0,1.0485028230232716,8.18040621065198
566,0.0,22.592314306848436,0.0,0.9215214535241205,22.592314306848436
567,75.3827185233368,43.29949204232369,0.0,1.089330397296387,-32.083226481013114
568,0.0,0.0,0.0,0.9808391786436808,0.0
569,0.0,0.0,0.0,0.9517611164908646,0.0
570,0.0,18.379099801300853,0.0,0.7801423889801692,18.379099801300853
571,10.437600740020345,0.0,0.0,0.7926396602795982,-10.437600740020345
572,52.13917676771651,41.64108240692959,0.0,0.8726652814749557,-10.498094360786922
573,26.167343836281216,17.729646037695996,0.0,0.9815648369241191,-8.43769779858522
574,0.0,0.0,0.0,0.7580138321701141,0.0
575,0.0,27.913415956542654,0.0,0.8554429830693402,27.913415956542654
576,0.0,0.0,0.0,1.0395036866358052,0.0
577,0.0,0.0,0.0,0.862933951620335,0.0
578,0.0,0.0,0.0,0.8511212794995591,0.0
579,0.0,0.0,0.0,1.0164463907684076,0.0
580,28.494398181232068,0.0,0.0,1.076800004135864,-28.494398181232068
581,0.0,0.0,0.0,1.1245509548432788,0.0
582,14.826525224628792,0.0,0.0,1.0156991684438132,-14.826525224628792
583,0.0,0.0,0.0,0.9562755953070778,0.0
584,0.0,0.0,0.0,0.6855332994912606,0.0
585,29.548181116607573,30.763259624804178,0.0,1.1700912671271424,1.215078508196605
586,0.0,0.0,0.0,0.9901473066679669,0.0
587,0.0,0.0,0.0,1.0025886414631333,0.0
588,0.0,0.0,0.0,0.9847738677576784,0.0
589,0.0,14.053720141667986,0.0,0.9301497575275562,14.053720141667986
590,38.76597169060599,10.348131936006698,0.0,0.814052606604292,-28.41783975459929
591,0.0,31.99264719774273,0.0,1.1701659122845804,31.99264719774273
592,0.0,0.0,0.0,0.6293207925725414,0.0
593,0.0,12.022731824750721,0.0,0.7665640599817918,12.022731824750721
594,0.0,0.0,0.0,0.6748015581318281,0.0
595,0.0,26.235172609818385,0.0,0.9049264339977893,26.235172609818385
596,27.271137030862324,31.932584361531557,0.0,0.9562755953070777,4.661447330669233
597,0.0,0.7454303365974847,0.0,1.027696695811552,0.7454303365974847
598,35.976041258473025,11.768935717637977,0.0,0.943920306811816,-24.207105540835048
599,14.870408108307185,0.0,0.0,0.937885723118563,-14.870408108307185
600,10.286840377302019,0.0,0.0,0.9665971337137265,-10.286840377302019
601,20.865221530522618,37.39718622730835,0.0,0.8136236942160998,16.531964696785735
602,46.86061736447615,6.1045253239972155,0.0,0.8216156795397694,-40.75609204047893
603,0.0,0.0,0.0,0.8961629360272862,0.0
604,0.0,44.54325791575243,0.0,0.9895728373569611,44.54325791575243
605,0.0,5.279793191744941,0.0,1.0161531922799478,5.279793191744941
606,0.0,0.0,0.0,0.7556995099415736,0.0
607,0.0,0.0,0.0,0.9665971337137267,0.0
608,0.0,24.39499509150558,0.0,0.7556995099415735,24.39499509150558
609,0.0,0.0,0.0,1.0590129408324283,0.0
610,0.0,0.0,0.0,0.8790159986936651,0.0
611,0.0,0.0,0.0,1.0380647151163935,0.0
612,38.177178276315146,0.0,0.0,0.9389644556644239,-38.177178276315146
613,52.59353610538765,5.781619777644205,0.0,1.0380647151163935,-46.81191632774345
614,0.0,0.0,0.0,0.950819472582015,0.0
615,0.0,0.0,0.0,0.5952957431903925,0.0
616,26.255571940308826,18.2787919468146,0.0,0.8702694586459381,-7.976779993494226
617,0.0,0.0,0.0,0.833698371274667,0.0
618,0.0,0.0,0.0,1.0545955547516235,0.0
619,0.0,0.0,0.0,0.907046004525828,0.0
620,68.21954327740471,34.858916220114466,0.0,1.0632339687496852,-33.360627057290245
621,40.514042853742474,25.374045819749114,0.0,1.0806542262146908,-15.13999703399336
622,0.0,0.0,0.0,0.8626106442744388,0.0
623,0.0,0.0,0.0,0.9439203068118162,0.0
624,0.0,0.0,0.0,1.0011357774520442,0.0
625,2.334391689969932,0.0,0.0,0.8338059285749942,-2.334391689969932
626,0.0,0.0,0.0,0.9735920936720092,0.0
627,59.088858641324904,22.753410633002424,0.0,0.9404652596369888,-36.33544800832248
628,41.5183763672775,22.66000777386454,0.0,0.8991005046858389,-18.85836859341296
629,54.184674983987705,30.791096652567944,0.0,0.8629339516203349,-23.39357833141976
630,39.85851778888024,0.0,0.0,0.8451122016042037,-39.85851778888024
631,0.0,0.0,0.0,0.8467247160609075,0.0
632,51.94877302202201,17.898245077171765,0.0,0.787365039880748,-34.050527944850245
633,0.0,4.716024724041494,0.0,0.7909298751094946,4.716024724041494
634,0.0,0.0,0.0,0.8800342969691698,0.0
635,11.04566712858367,0.0,0.0,0.8841272197087872,-11.04566712858367
636,0.0,0.0,0.0,0.7611541954333821,0.0
637,38.63104444347139,0.0,0.0,1.0899176386508949,-38.63104444347139
638,0.0,0.0,0.0,1.0293380061509343,0.0
639,56.00313521044615,0.0,0.0,1.0091167527366653,-56.00313521044615
640,0.0,0.0,0.0,0.9292713473563018,0.0
641,40.319801375604676,0.0,0.0,0.9137270593213047,-40.319801375604676
642,0.0,0.0,0.0,0.7263553395065996,0.0
643,14.961606795584078,41.839770730871486,0.0,1.0156991684438132,26.878163935287407
644,19.8816961455084,0.0,0.0,0.8511212794995591,-19.8816961455084
645,0.0,0.0,0.0,0.9815648369241189,0.0
646,0.0,0.0,0.0,0.6775793645488651,0.0
647,0.0,10.766980883914009,0.0,0.9100627921821032,10.766980883914009
648,47.59697948752611,25.1050113479231,0.0,0.9656537539733312,-22.491968139603014
649,0.0,0.0,0.0,0.7139135935444978,0.0
650,0.0,25.449504616840425,0.0,0.8629339516203349,25.449504616840425
651,58.94810741042457,23.076504940978936,0.0,0.7719581783788858,-35.871602469445634
652,0.0,0.0,0.0,1.0190353380854513,0.0
653,72.81096290903612,30.01532003105904,0.0,1.0806542262146908,-42.79564287797708
654,15.904204058803797,30.679190166372834,0.0,1.0632339687496855,14.774986107569037
655,17.408522021072585,2.309285749205757,0.0,0.9657237019304971,-15.099236271866829
656,0.0,0.0,0.0,1.130852765533909,0.0
657,0.0,0.0,0.0,0.8629339516203349,0.0
658,0.0,0.0,0.0,0.9657237019304968,0.0
659,3.0348075568803985,21.706328027403078,0.0,0.6469572542478823,18.67152047052268
660,0.0,0.05336435295250081,0.0,1.088404832203976,0.05336435295250081
661,0.0,2.99178760700561,0.0,0.9130067063879884,2.99178760700561
662,0.0,0.0,0.0,0.7156805898186362,0.0
663,0.0,0.0,0.0,0.9745359747165703,0.0
664,0.0,0.0,0.0,1.0384808548554583,0.0
665,15.343039851804551,0.0,0.0,0.8638133301748446,-15.343039851804551
666,16.660331741554053,28.887023219636788,0.0,1.2408172695278363,12.226691478082735
667,35.09941132115975,33.41588371872755,0.0,0.9905729953728485,-1.6835276024322
668,43.139500930352376,8.365282687623926,0.0,1.0299775356620193,-34.77421824272845
669,0.0,6.654645471357472,0.0,0.9745359747165703,6.654645471357472
670,32.31618686789886,18.418740481069136,0.0,0.8429345369778785,-13.89744638682972
671,0.0,0.0,0.0,0.9277781116239961,0.0
672,36.934660876678194,41.86924657746089,0.0,1.0590129408324287,4.934585700782698
673,0.0,0.0,0.0,0.9064090094587414,0.0
674,0.0,0.0,0.0,0.8144545161360465,0.0
675,23.511565435199714,15.957079666523164,0.0,0.7075951691214146,-7.55448576867655
676,64.07451084676514,32.20948598779204,0.0,0.8239307639706566,-31.865024858973094
677,0.0,0.0,0.0,1.2574025230152692,0.0
678,18.536282181440672,0.0,0.0,1.023059164063232,-18.536282181440672
679,26.318640300451484,0.0,0.0,0.8726652814749557,-26.318640300451484
680,0.0,0.0,0.0,1.1700912671271424,0.0
681,47.32184326338673,18.01579216674554,0.0,1.0225382564102194,-29.30605109664119
682,0.0,41.88666880765036,0.0,0.958691914147395,41.88666880765036
683,0.0,0.0,0.0,0.9895728373569611,0.0
684,14.57060465737538,34.924568378020645,0.0,0.9296590385608258,20.353963720645265
685,0.0,0.0,0.0,0.6994922038589428,0.0
686,8.990956202936982,34.16403082118174,0.0,0.8974547961992063,25.17307461824476
687,0.0,0.0,0.0,1.0775968665287503,0.0
688,15.363156388986878,0.0,0.0,0.9847738677576783,-15.363156388986878
689,48.48749065974317,2.3678327117652254,0.0,0.977925283365354,-46.11965794797795
690,25.593867612986536,0.0,0.0,0.871374928438111,-25.593867612986536
691,0.0,0.0,0.0,0.8468773029080174,0.0
692,28.736298701440937,12.250056796900765,0.0,0.8923563069913222,-16.486241904540172
693,0.0,0.0,0.0,0.871374928438111,0.0
694,0.0,0.0,0.0,0.8396310584213879,0.0
695,27.644545834524582,37.81847190550834,0.0,1.0091167527366653,10.173926070983757
696,0.0,0.0,0.0,0.7722391719578974,0.0
697,0.0,6.7538880784609345,0.0,0.9157538932348754,6.7538880784609345
698,0.0,0.0,0.0,0.8640385593707371,0.0
699,21.92807351670171,33.73776044836123,0.0,0.9596339325668137,11.80968693165952
700,8.815234799773423,0.0,0.0,0.9404008408634046,-8.815234799773423
701,0.0,5.742440113785091,0.0,0.9439203068118159,5.742440113785091
702,38.41669171760573,0.0,0.0,0.8650318791250525,-38.41669171760573
703,0.0,0.0,0.0,0.9483163943025726,0.0
704,0.0,0.0,0.0,1.0091167527366653,0.0
705,15.667333129425101,0.0,0.0,0.9833266869209389,-15.667333129425101
706,0.0,18.922209665969728,0.0,0.8980778168987373,18.922209665969728
707,40.59872445878352,0.0,0.0,0.728750515810519,-40.59872445878352
708,0.0,0.0,0.0,0.8874353099923752,0.0
709,59.61683909954611,33.691664724377674,0.0,0.9808391786436808,-25.92517437516844
710,43.417696943868414,0.0,0.0,0.8402583127320904,-43.417696943868414
711,0.0,0.0,0.0,0.8991005046858389,0.0
712,31.16815097971922,4.793696716039532,0.0,0.9596339325668141,-26.374454263679688
713,7.1257704622261215,28.82795168130886,0.0,0.7602063357178733,21.70218121908274
714,57.57050363473083,43.917222155393794,0.0,0.8396832105110463,-13.653281479337032
715,24.204596221134185,19.214120915012103,0.0,0.8874353099923752,-4.990475306122082
716,59.387690483276856,41.50797094864605,0.0,0.9833266869209388,-17.87971953463081
717,49.783298289631915,11.052138796678443,0.0,0.980839178643681,-38.73115949295347
718,60.9572723010818,1.01979883384182,0.0,1.0485028230232714,-59.93747346723998
719,0.0,0.0,0.0,0.8915303431502173,0.0
720,10.198230652550109,0.0,0.0,0.9905729953728485,-10.198230652550109
721,16.846582148476998,15.103617022861538,0.0,1.16161616247605,-1.7429651256154592
722,0.0,0.588964889840859,0.0,0.8629339516203349,0.588964889840859
723,0.0,4.163477706661991,0.0,0.9833266869209388,4.163477706661991
724,0.0,0.0,0.0,0.8321961058749122,0.0
725,0.0,0.0,0.0,1.1342799944370794,0.0
726,0.0,0.0,0.0,0.760911512602125,0.0
727,39.523612816421206,18.49619008742204,0.0,1.1343505976131596,-21.027422728999166
728,6.237437119831254,0.0,0.0,0.7263553395065996,-6.237437119831254
729,0.0,0.0,0.0,0.980839178643681,0.0
730,24.390290883151614,12.352615574624078,0.0,1.0485028230232714,-12.037675308527536
731,0.0,13.049233141180974,0.0,0.9895728373569611,13.049233141180974
732,0.0,0.0,0.0,0.6385034218035213,0.0
733,34.632505059918095,0.0,0.0,1.0708896269176382,-34.632505059918095
734,0.0,0.0,0.0,0.9586919141473954,0.0
735,0.0,0.0,0.0,1.1463237639276056,0.0
736,46.051404038242794,20.579745451301324,0.0,0.8481672919312798,-25.47165858694147
737,28.08191594603175,9.91126820766097,0.0,0.9929300507157925,-18.17064773837078
738,30.673775338714552,14.858259203218878,0.0,0.7604950819560243,-15.815516135495674
739,0.0,0.8870431341522194,0.0,0.7209187662729627,0.8870431341522194
740,46.5867693253126,19.03049196428149,0.0,0.7776964459768972,-27.55627736103111
741,16.29746376170419,0.0,0.0,0.6649431973691307,-16.29746376170419
742,0.0,0.0,0.0,1.0545955547516233,0.0
743,0.0,12.205005537930525,0.0,1.0768000041358645,12.205005537930525
744,21.026645892368183,20.913427167851236,0.0,0.7990108756042549,-0.11321872451694759
745,0.0,0.0,0.0,0.9177418365397374,0.0
746,48.539982000973545,42.053981519585065,0.0,1.0025886414631333,-6.48600048138848
747,8.835813532668963,18.778894898355095,0.0,0.9672400905703634,9.943081365686131
748,0.0,0.0,0.0,0.9049264339977893,0.0
749,0.0,0.0,0.0,1.0719198460309907,0.0
750,0.0,0.0,0.0,1.096799362626424,0.0
751,36.38691594324911,42.58674994473472,0.0,0.8776266697341025,6.199834001485613
752,49.758249720281675,11.77075688525331,0.0,0.9717286451302973,-37.98749283502836
753,36.422384168167135,21.150403299131835,0.0,1.0551214385083831,-15.2719808690353
754,9.345851922324757,32.7608464435242,0.0,1.0876632523441148,23.414994521199446
755,0.0,0.0,0.0,0.8874353099923751,0.0
756,0.0,0.0,0.0,1.0091167527366653,0.0
757,0.0,0.0,0.0,1.1437087180672447,0.0
758,33.36775402523341,13.48232028523757,0.0,0.728750515810519,-19.88543373999584
759,0.0,0.0,0.0,0.8638133301748446,0.0
760,0.0,14.557720495434248,0.0,0.6491754936223754,14.557720495434248
761,0.0,0.0,0.0,0.6491754936223754,0.0
762,14.483580919233821,6.913355430968843,0.0,1.0083700392587112,-7.570225488264978
763,0.0,0.0,0.0,0.871374928438111,0.0
764,0.0,0.0,0.0,0.749938208032851,0.0
765,63.73095503691876,33.40811032061456,0.0,0.9833266869209388,-30.322844716304196
766,34.837905487318984,0.0,0.0,0.8163795746818565,-34.837905487318984
767,0.0,0.0,0.0,0.8402583127320904,0.0
768,37.95879178502199,7.816291805620494,0.0,1.158121760604239,-30.142499979401492
769,0.0,0.0,0.0,1.0573594664676842,0.0
770,0.0,0.0,0.0,0.8216156795397696,0.0
771,24.341804095901185,45.76786048035998,0.0,0.9508194725820149,21.426056384458793
772,0.0,0.0,0.0,0.9984236135154265,0.0
773,0.0,0.0,0.0,0.7934920476158722,0.0
774,56.542583696575846,24.715611756487732,0.0,0.9277781116239961,-31.826971940088114
775,13.711509056992877,0.0,0.0,0.6776309271789385,-13.711509056992877
776,0.0,0.0,0.0,0.9051603339874773,0.0
777,0.0,0.0,0.0,1.0445805584942613,0.0
778,55.88768456400304,11.722270268183237,0.0,0.7075951691214148,-44.1654142958198
779,0.0,0.0,0.0,0.8915303431502175,0.0
780,0.0,41.79192583887609,0.0,1.1461842449264714,41.79192583887609
781,0.0,0.0,0.0,0.8280409481089125,0.0
782,0.0,0.0,0.0,0.8776266697341027,0.0
783,35.12756057192068,30.28983878622387,0.0,0.833698371274667,-4.837721785696811
784,0.0,21.279002843843156,0.0,0.8638133301748446,21.279002843843156
785,0.0,12.634297897664545,0.0,0.5727538618682043,12.634297897664545
786,0.0,0.0,0.0,0.6855332994912605,0.0
787,20.310613283675984,0.0,0.0,0.981564836924119,-20.310613283675984
788,0.0,0.0,0.0,0.9177418365397374,0.0
789,0.0,0.0,0.0,0.9310945599352183,0.0
790,0.0,23.056080900811516,0.0,0.9880518331968751,23.056080900811516
791,0.0,0.0,0.0,0.7423074889580904,0.0
792,0.0,3.7247069857966193,0.0,0.8554429830693401,3.7247069857966193
793,0.0,0.0,0.0,0.9310945599352183,0.0
794,0.0,0.0,0.0,0.9119446160430368,0.0
795,66.14847030301615,51.30759078324007,0.0,1.00181738790297,-14.840879519776081
796,0.0,0.0,0.0,0.7410176400445153,0.0
797,0.0,0.0,0.0,0.833698371274667,0.0
798,0.6056524269909964,21.60142057059878,0.0,0.918045268160929,20.995768143607783
799,6.142888113575253,0.0,0.0,0.8216156795397696,-6.142888113575253
800,52.19264967255819,24.663049083820667,0.0,0.814052606604292,-27.529600588737523
801,0.0,0.0,0.0,1.0380647151163935,0.0
802,0.0,0.0,0.0,1.066280429875637,0.0
803,0.0,25.217291751186714,0.0,0.8373140643564283,25.217291751186714
804,56.55436241146442,34.40256324194843,0.0,0.7371335216739704,-22.15179916951599
805,0.0,1.8179132739054082,0.0,0.9745359747165703,1.8179132739054082
806,42.922549374556276,0.0,0.0,0.943920306811816,-42.922549374556276
807,54.23794186336311,8.546950411420948,0.0,0.9601088273057895,-45.69099145194217
808,0.0,6.667470155573351,0.0,0.8094775086881779,6.667470155573351
809,0.0,0.0,0.0,1.006760653997615,0.0
810,0.0,0.0,0.0,1.00181738790297,0.0
811,51.20634058253732,15.47709827582917,0.0,0.9218334923561674,-35.72924230670815
812,1.0133262182070286,42.98398617489821,0.0,0.728750515810519,41.970659956691186
813,55.89817351336421,56.7412307160249,0.0,0.9671657270758447,0.8430572026606882
814,0.0,36.432077574234356,0.0,0.8961629360272862,36.432077574234356
815,0.0,26.247497894714606,0.0,0.7021602529713191,26.247497894714606
816,0.0,4.764877841750766,0.0,1.0067606539976155,4.764877841750766
817,0.0,0.0,0.0,0.7452233078540189,0.0
818,23.05475440042494,6.062605403151988,0.0,1.0011357774520442,-16.992148997272952
819,54.64650786418902,0.0,0.0,0.88003429696917,-54.64650786418902
820,0.0,0.0,0.0,0.9745359747165702,0.0
821,0.0,0.0,0.0,0.6969648228619291,0.0
822,21.232976260203962,23.98173861860053,0.0,0.97453597471657,2.7487623583965686
823,22.07465226425662,8.21958354911206,0.0,1.0309991926225506,-13.85506871514456
824,56.844064784618595,0.0,0.0,0.8961629360272862,-56.844064784618595
825,51.86557162345689,18.38827119892953,0.0,0.9439203068118158,-33.47730042452736
826,52.51595759937842,53.788609871344725,0.0,1.030450664238018,1.272652271966308
827,0.0,0.0,0.0,0.7487945431161714,0.0
828,4.171110886133932,0.0,0.0,0.6941041070128332,-4.171110886133932
829,0.0,0.0,0.0,0.8221963354790292,0.0
830,0.0,7.74941880858371,0.0,0.8800342969691699,7.74941880858371
831,28.739302147935597,24.157585173540777,0.0,1.0225382564102197,-4.581716974394819
832,0.0,23.860756105394756,0.0,0.8638133301748445,23.860756105394756
833,19.9441627998237,34.21802922798702,0.0,1.16161616247605,14.273866428163316
834,0.0,25.516633965748497,0.0,0.7743160013166074,25.516633965748497
835,17.942225784999334,0.0,0.0,0.7371335216739702,-17.942225784999334
836,0.0,0.0,0.0,0.9220514547035891,0.0
837,0.0,0.0,0.0,1.2180166853236487,0.0
838,3.2327636668849054,20.946205605722543,0.0,1.1155504559509535,17.713441938837637
839,54.305514319335,19.528788901590833,0.0,0.8626106442744389,-34.776725417744174
840,22.16316213677769,2.2878113623139176,0.0,0.7666844345920679,-19.875350774463772
841,0.0,0.0,0.0,0.9517611164908646,0.0
842,27.0845906036456,0.0,0.0,1.022919563916199,-27.0845906036456
843,56.65926374915452,44.27434311368711,0.0,1.1682045563643584,-12.38492063546741
844,0.0,0.0,0.0,0.7559819354949552,0.0
845,64.2959354839589,24.67970500848601,0.0,0.7423074889580904,-39.61623047547289
846,0.0,0.0,0.0,0.7182430061427789,0.0
847,0.0,0.0,0.0,0.745223307854019,0.0
848,0.0,0.0,0.0,0.8451122016042037,0.0
849,0.0,0.0,0.0,1.0087991714748228,0.0
850,34.60667926531889,0.0,0.0,0.8975543238411416,-34.60667926531889
851,9.938743615223387,0.0,0.0,1.0796224876154643,-9.938743615223387
852,30.200919433328615,0.0,0.0,1.2049840527123465,-30.200919433328615
853,0.0,0.0,0.0,0.9137270593213043,0.0
854,21.67110704212131,38.97615516784719,0.0,1.1308527655339091,17.30504812572588
855,0.0,0.0,0.0,0.8887271695990359,0.0
856,0.0,0.0,0.0,0.9130067063879884,0.0
857,0.0,14.82056091986787,0.0,1.1561670500150105,14.82056091986787
858,21.143551556544317,11.807529795857393,0.0,0.9180452681609288,-9.336021760686924
859,32.17024293546651,0.0,0.0,1.1342799944370787,-32.17024293546651
860,0.0,0.0,0.0,1.0384808548554585,0.0
861,28.06153761684217,10.686031339820534,0.0,1.047437560448788,-17.375506277021636
862,0.0,0.0,0.0,1.0470286566188682,0.0
863,0.0,0.0,0.0,0.787365039880748,0.0
864,0.0,0.0,0.0,0.7824043217350063,0.0
865,22.283649872950175,1.898190654482012,0.0,0.9929300507157927,-20.385459218468164
866,12.139812562020467,44.886272032629606,0.0,0.988051833196875,32.74645947060914
867,0.0,0.0,0.0,0.9672400905703634,0.0
868,0.0,0.0,0.0,0.7690009558818584,0.0
869,0.0,4.2441494998179925,0.0,1.0276966958115523,4.2441494998179925
870,0.0,0.0,0.0,0.8776266697341029,0.0
871,0.0,0.0,0.0,1.1140199880884556,0.0
872,0.0,0.0,0.0,0.687511936816392,0.0
873,55.24238511443905,10.950287611062507,0.0,0.814052606604292,-44.292097503376546
874,0.0,0.0,0.0,0.9439203068118158,0.0
875,0.0,0.0,0.0,0.8338059285749942,0.0
876,0.0,0.0,0.0,1.0047506205640329,0.0
877,35.870362770331084,58.20086731611725,0.0,0.931719964189514,22.330504545786162
878,24.7835170244284,12.558077798206623,0.0,1.1993316710861586,-12.225439226221775
879,7.854126243142556,0.0,0.0,0.9404652596369888,-7.854126243142556
880,0.0,0.0,0.0,0.8640385593707371,0.0
881,24.29841360075348,11.982873718166884,0.0,0.7050259281684871,-12.315539882586597
882,0.0,0.0,0.0,1.0025886414631335,0.0
883,28.084891574733977,23.524686203570262,0.0,1.0380647151163933,-4.560205371163715
884,0.0,0.0,0.0,0.9929300507157927,0.0
885,51.09892014035577,37.556866056379654,0.0,0.9562755953070776,-13.542054083976119
886,0.0,0.0,0.0,0.9130067063879886,0.0
887,0.0,0.0,0.0,0.8776266697341027,0.0
888,0.0,0.0,0.0,0.9180452681609287,0.0
889,0.0,0.9402619838806939,0.0,0.7452233078540187,0.9402619838806939
890,0.0,14.697047381641525,0.0,0.943920306811816,14.697047381641525
891,50.28096522888319,3.031240848281679,0.0,0.856575776129977,-47.24972438060151
892,49.80049682574833,0.0,0.0,1.0545955547516235,-49.80049682574833
893,0.0,0.0,0.0,0.9880518331968751,0.0
894,57.722687469770825,46.289453454356874,0.0,0.9398759751194422,-11.433234015413952
895,0.0,0.0,0.0,0.8640385593707374,0.0
896,0.0,8.528702732547487,0.0,0.8451122016042037,8.528702732547487
897,15.812588274750095,0.0,0.0,0.958691914147395,-15.812588274750095
898,0.0,11.271749681170576,0.0,0.5808358134744557,11.271749681170576
899,0.0,0.0,0.0,0.9808391786436812,0.0
900,3.9520336570703702,58.27954019229505,0.0,0.7756145365258551,54.32750653522468
901,0.0,0.0,0.0,0.892356306991322,0.0
902,0.0,0.0,0.0,0.9296590385608258,0.0
903,10.248931600974458,0.0,0.0,1.0378743117105929,-10.248931600974458
904,22.83857486452132,8.615370706955392,0.0,0.6597483286396848,-14.223204157565927
905,0.0,10.909467301375997,0.0,0.8402583127320904,10.909467301375997
906,0.0,0.0,0.0,0.6922186552431728,0.0
907,0.0,0.0,0.0,0.9873069643493245,0.0
908,0.0,25.470639981344238,0.0,0.6889240109025894,25.470639981344238
909,0.0,21.695751232462765,0.0,0.9048727821746397,21.695751232462765
910,64.80556953353465,28.70974193076404,0.0,1.0190353380854513,-36.09582760277061
911,0.0,0.0,0.0,1.0785963182982408,0.0
912,0.0,0.0,0.0,0.7171631032524376,0.0
913,0.0,0.0,0.0,1.0893303972963875,0.0
914,0.0,0.0,0.0,0.7690009558818584,0.0
915,16.659136175381548,0.0,0.0,1.0018173879029697,-16.659136175381548
916,0.0,36.94608341612545,0.0,0.938964455664424,36.94608341612545
917,0.0,17.619173426051717,0.0,0.8338059285749942,17.619173426051717
918,0.0,0.0,0.0,0.9886268531437734,0.0
919,0.0,0.0,0.0,0.8467247160609076,0.0
920,0.0,0.0,0.0,0.8776266697341026,0.0
921,54.36781133538501,22.342166543412016,0.0,0.7507737482354835,-32.025644791972994
922,0.0,0.0,0.0,0.6858131956985807,0.0
923,2.7402022896506733,0.0,0.0,0.8702694586459384,-2.7402022896506733
924,28.09454925759279,40.38430518259778,0.0,0.9847738677576783,12.28975592500499
925,19.470971758371235,12.002094274823328,0.0,0.8485652745723716,-7.468877483547907
926,31.017557744099953,26.18121935044576,0.0,0.9672400905703634,-4.8363383936541915
927,4.4798840794581105,26.336691901686436,0.0,1.0156991684438132,21.856807822228326
928,7.708911359454495,8.554814460163046,0.0,0.9187496688386145,0.8459031007085507
929,0.0,0.0,0.0,1.054595554751623,0.0
930,0.0,0.0,0.0,0.9976169540189579,0.0
931,12.927140938979118,1.2743693020086704,0.0,0.9833266869209388,-11.652771636970447
932,0.0,0.0,0.0,0.9984236135154265,0.0
933,32.876619147686604,13.169221466411878,0.0,0.9986276606756969,-19.707397681274728
934,51.003018271032985,0.0,0.0,1.2369796407800033,-51.003018271032985
935,0.0,0.0,0.0,0.7021602529713191,0.0
936,0.0,0.0,0.0,0.8402583127320904,0.0
937,0.0,22.761371044192973,0.0,0.9404008408634047,22.761371044192973
938,0.0,0.0,0.0,0.7370534362291127,0.0
939,0.0,0.0,0.0,0.8564992908282226,0.0
940,48.94144006389471,44.72164255134204,0.0,0.981564836924119,-4.219797512552667
941,0.0,33.662559163419175,0.0,1.0719198460309907,33.662559163419175
942,17.868834323310864,0.0,0.0,1.004750620564033,-17.868834323310864
943,0.0,5.152034240041946,0.0,1.0091167527366653,5.152034240041946
944,2.967595014847165,0.0,0.0,0.8277248022225054,-2.967595014847165
945,0.0,0.0,0.0,0.9147391835585307,0.0
946,0.0,0.0,0.0,0.5728017361765595,0.0
947,0.0,0.0,0.0,0.8485652745723713,0.0
948,23.632840774945077,0.0,0.0,1.180351289517941,-23.632840774945077
949,51.39629920590587,35.092924381547974,0.0,1.0190353380854513,-16.303374824357896
950,0.0,0.0,0.0,0.9665971337137267,0.0
951,52.81401577125835,20.963687756314823,0.0,0.7481724624253682,-31.850328014943525
952,34.84502031767686,0.0,0.0,0.9205098940708629,-34.84502031767686
953,0.0,6.747137543633403,0.0,1.014119891057834,6.747137543633403
954,0.0,0.0,0.0,1.0395036866358052,0.0
955,0.0,0.0,0.0,0.9215214535241205,0.0
956,0.0,0.0,0.0,0.8206407354354482,0.0
957,0.0,25.020311918021704,0.0,0.9137270593213047,25.020311918021704
958,0.0,0.0,0.0,0.9665971337137266,0.0
959,73.75655472310805,59.40145761238782,0.0,1.0806542262146908,-14.35509711072023
960,53.82517630626582,29.38659337804687,0.0,1.1509288756416332,-24.438582928218946
961,0.0,18.336710676570988,0.0,0.7743160013166073,18.336710676570988
962,40.037402762073796,36.94005184901204,0.0,1.0846310755806878,-3.097350913061753
963,0.0,31.740834289519633,0.0,0.63922964451536,31.740834289519633
964,0.0,0.0,0.0,0.9825092851719773,0.0
965,16.982670024084353,0.0,0.0,0.9596339325668142,-16.982670024084353
966,60.07584742387683,12.566887518293058,0.0,0.754015850339985,-47.50895990558377
967,32.94949077973681,0.0,0.0,0.871374928438111,-32.94949077973681
968,34.85368567624445,0.0,0.0,0.96010882730579,-34.85368567624445
969,53.79505192548275,28.211633377735012,0.0,0.9119446160430368,-25.58341854774774
970,0.0,0.0,0.0,0.451178677054196,0.0
971,0.0,11.741036225719673,0.0,0.6863485850246135,11.741036225719673
972,0.0,0.0,0.0,0.9398759751194422,0.0
973,6.007462335739088,10.527050903132965,0.0,0.938590635448906,4.5195885673938765
974,37.86671295677739,15.079432412283744,0.0,0.9389644556644237,-22.787280544493647
975,56.32460382662058,42.73152883199855,0.0,0.7399472047985675,-13.593074994622029
976,0.0,0.0,0.0,0.8923563069913222,0.0
977,13.547362443917763,18.9002355356628,0.0,0.9895728373569614,5.352873091745039
978,0.0,0.0,0.0,0.8961629360272862,0.0
979,0.0,0.0,0.0,0.6597483286396848,0.0
980,0.0,0.0,0.0,0.8991005046858389,0.0
981,57.06946789499342,15.85576151061339,0.0,0.7410176400445154,-41.21370638438003
982,0.0,42.818834433687094,0.0,0.9800975119879275,42.818834433687094
983,53.47953451265589,50.8562974394182,0.0,0.6324756588665301,-2.6232370732376893
984,0.0,0.0,0.0,0.7719581783788856,0.0
985,27.63476122703282,28.13120039194589,0.0,0.8841272197087872,0.4964391649130704
986,0.0,0.0,0.0,1.0384808548554583,0.0
987,0.0,0.0,0.0,0.6711816670384974,0.0
988,0.0,17.984429699727038,0.0,1.0590129408324285,17.984429699727038
989,0.0,16.633476396882205,0.0,0.5518235159272813,16.633476396882205
990,0.0,0.0,0.0,0.9038001711201783,0.0
991,0.0,0.0,0.0,0.931719964189514,0.0
992,0.0,0.0,0.0,0.7487945431161716,0.0
993,19.800033204287594,0.0,0.0,1.0380647151163935,-19.800033204287594
994,29.600715893757666,24.277129198864113,0.0,1.1803512895179409,-5.323586694893553
995,0.0,9.57728962970299,0.0,0.9743979889825946,9.57728962970299
996,52.547961286048526,16.392588748463016,0.0,0.6757429834806785,-36.15537253758551
997,54.372543602300205,27.313062264997267,0.0,1.1155504559509537,-27.059481337302937
998,48.46507709924158,45.123915818000654,0.0,1.16161616247605,-3.341161281240929
999,0.0,0.0,0.0,0.9119446160430369,0.0
