iteration,pooled_effect,i_squared,tau_squared,icr_mean,icr_sd,icrd
0,0.4655608148149248,28.182907570374095,0.008086061445065858,0.08125000000000002,0.06829394189823867,0.1875
1,0.5533118827280382,0.0,0.0,0.08125,0.06897689830660697,0.1875
2,0.47891887210346656,31.792370270637566,0.009620529371659197,0.09124999999999998,0.07767118191452993,0.1875
3,0.539823341611962,9.419697853308001,0.0021609880599864576,0.052500000000000005,0.0558457697592217,0.1875
4,0.5340138762335759,0.0,0.0,0.10250000000000001,0.07088723439378912,0.1875
5,0.41731619047472107,32.855861165953826,0.010032736686818328,0.08125000000000002,0.06549093448714868,0.1875
6,0.4631664048600077,55.15519969973014,0.025380412649971172,0.09875,0.07125000000000001,0.1875
7,0.5913457374923542,22.92743503741971,0.00622746643317866,0.075,0.06959705453537528,0.1875
8,0.47354007022816813,0.0,0.0,0.08124999999999999,0.08144208064630963,0.1875
9,0.5069860141520248,0.0,0.0,0.09875000000000002,0.07383469712811179,0.1875
10,0.5119657374627468,0.0,0.0,0.051250000000000004,0.02764168048436998,0.08750000000000001
11,0.4966607118816355,9.968127310804817,0.0022883560197623264,0.12000000000000002,0.07053367989832943,0.17500000000000002
12,0.4370751590131639,0.5988700005160872,0.00012365537202405045,0.07375000000000001,0.0557477578024444,0.1875
13,0.49951470227733397,0.0,0.0,0.0875,0.07745966692414834,0.1875
14,0.5796910039776629,0.0,0.0,0.08625,0.07855133671682489,0.1875
15,0.5052377115012465,0.0,0.0,0.07375000000000001,0.0705890395174775,0.1875
16,0.4996429030823765,10.064815821525489,0.0023138769032862057,0.0775,0.07154544010627092,0.1875
17,0.42368659876345866,0.0,0.0,0.10875000000000001,0.07746975216173084,0.1875
18,0.47218399578536996,21.102981122418218,0.005514155076358187,0.05499999999999999,0.054256336035526764,0.1875
19,0.4921359007933355,35.20777055443222,0.011234779657755219,0.06499999999999999,0.07219764539096826,0.1875
20,0.4870455861680311,48.09573280012975,0.01916151660015277,0.06375,0.05375,0.1875
21,0.4848427428244919,47.66652522349596,0.018829304298682133,0.07625000000000001,0.06856794075951239,0.1875
22,0.5469642551674533,0.0,0.0,0.08625000000000002,0.06481946081232087,0.1875
23,0.5012581760791286,26.181314598645884,0.007338157904758919,0.061250000000000006,0.0557477578024444,0.1875
24,0.5482738848123415,0.0,0.0,0.1125,0.07664854858377947,0.1875
25,0.5075440082816386,4.946893330299096,0.0010769585643876291,0.085,0.06244997998398398,0.17500000000000002
26,0.3961777110912724,30.524888420241425,0.008988390495158096,0.07625,0.06577661058461436,0.1875
27,0.5341189952305677,0.0,0.0,0.045,0.037583240945932274,0.08750000000000001
28,0.4495983815980785,0.0,0.0,0.07625,0.06577661058461436,0.1875
29,0.4787235291530318,0.0,0.0,0.08875000000000002,0.07633192320386013,0.1875
30,0.4698576750903561,34.998981243483655,0.011103390345402276,0.10375000000000001,0.0693834454318896,0.1875
31,0.4490251131158956,12.430425554833395,0.002918023852443134,0.05500000000000001,0.05068283733178324,0.1875
32,0.46078266609083174,0.0,0.0,0.0675,0.05567764362830023,0.1875
33,0.4364238089169945,4.723430585420084,0.0010175447075592551,0.1025,0.07022285952594069,0.17500000000000002
34,0.5355566302327182,25.395118222483354,0.00707289893998383,0.11750000000000001,0.07335700375560605,0.17500000000000002
35,0.5464383093241468,35.1360433311451,0.011275933288146715,0.09375,0.08736596877503278,0.1875
36,0.42049453494467176,36.011884157543115,0.011544313402349168,0.05375,0.05837647214417809,0.1875
37,0.4745122897989168,0.0,0.0,0.05750000000000001,0.05338539126015657,0.1875
38,0.5468756787167685,16.661022027347556,0.004158990121258731,0.052500000000000005,0.05500000000000001,0.1875
39,0.515371074344037,0.0,0.0,0.0675,0.07119515432949072,0.1875
40,0.4466160016266973,30.99883555272658,0.00923861964278869,0.08125,0.08144208064630963,0.1875
41,0.5323566373517056,0.0,0.0,0.0775,0.06819090848492929,0.1875
42,0.5231709604655631,27.12119737970975,0.007720804675166479,0.10375000000000001,0.08178668901477795,0.1875
43,0.5219997564030914,0.0,0.0,0.052500000000000005,0.0558457697592217,0.1875
44,0.548843162131839,49.89386526054468,0.02075298706933278,0.07125000000000001,0.05304773793480736,0.1875
45,0.5131324781622566,8.54315080137327,0.0019344975522738485,0.0425,0.03799671038392666,0.08750000000000001
46,0.5001788135387824,0.0,0.0,0.10625000000000002,0.06965315857877517,0.1875
47,0.4815724899470891,0.0,0.0,0.0975,0.08455767262643882,0.1875
48,0.451092596062088,0.0,0.0,0.061250000000000006,0.0557477578024444,0.1875
49,0.3935832444284685,0.0,0.0,0.057499999999999996,0.03674234614174768,0.08750000000000001
50,0.4901142265031822,0.0,0.0,0.08249999999999999,0.08104782538723664,0.1875
51,0.41214221623962116,0.0,0.0,0.10125000000000002,0.07168725479469835,0.1875
52,0.503692684808737,3.3772360652156954,0.0007229248520984715,0.07875000000000001,0.06709368450159822,0.1875
53,0.5437204820212064,0.0,0.0,0.045,0.05309190145398826,0.1875
54,0.5108949584281125,29.147898989373715,0.008522707673469576,0.1,0.058094750193111264,0.17500000000000002
55,0.4382804541632217,48.08249672778275,0.019047314321335062,0.13125,0.07272594103894428,0.1875
56,0.4906539264144771,12.882139670608902,0.003054273516198649,0.12,0.08046738469715542,0.17500000000000002
57,0.4857353212861779,0.0,0.0,0.07750000000000001,0.0526782687642637,0.1875
58,0.42089775574143073,0.0,0.0,0.0925,0.07648529270389177,0.1875
59,0.5417447785756832,0.0,0.0,0.11500000000000002,0.07660776723022282,0.1875
60,0.5647963900413401,31.552233271734444,0.009617695197308526,0.095,0.07462405778299651,0.1875
61,0.4231792007054129,0.0,0.0,0.09375,0.07588025105388095,0.1875
62,0.4842498563934538,2.4872785076093584,0.0005263249696365077,0.06875,0.07032291589517603,0.1875
63,0.5698086190998574,5.410406257398502,0.0011932604183622964,0.07250000000000001,0.051780787943019956,0.17500000000000002
64,0.4879723644059753,0.0,0.0,0.125,0.08042853971072707,0.1875
65,0.4717327382614925,0.0,0.0,0.05874999999999999,0.05674779731408083,0.1875
66,0.4237669001853389,32.09914453144253,0.009698484225401708,0.07,0.07271519786124495,0.1875
67,0.5523590891948297,11.606445209415364,0.0027332241882655627,0.06875,0.05455788210698799,0.1875
68,0.493296635045468,0.0,0.0,0.04625,0.031149839485942785,0.08750000000000001
69,0.4802003450890028,35.04948141631169,0.011141296484018846,0.075,0.08196798155377501,0.1875
70,0.4734683445781106,0.0,0.0,0.08249999999999999,0.07810249675906655,0.1875
71,0.48575163591193754,0.0,0.0,0.085,0.06609652033201142,0.1875
72,0.5042341321983241,0.0,0.0,0.05625,0.03676360292463186,0.08750000000000001
73,0.4782076250327048,25.12298335282089,0.006922795261457728,0.09,0.07578753195612059,0.1875
74,0.5509819019671364,0.0,0.0,0.07750000000000001,0.06819090848492927,0.1875
75,0.481788637872102,0.0,0.0,0.14625000000000002,0.06983238861731711,0.1875
76,0.4494993043506286,0.0,0.0,0.08625000000000001,0.06481946081232087,0.1875
77,0.5036324898988219,0.0,0.0,0.05125,0.0557477578024444,0.1875
78,0.6373219142910355,0.0,0.0,0.0425,0.03269174207655505,0.08750000000000001
79,0.5251362563481867,11.927661275829138,0.0028091592472734837,0.06875,0.07032291589517603,0.1875
80,0.5080475058604504,49.248669184548014,0.020118747341581818,0.06999999999999999,0.0694172168845741,0.1875
81,0.500248649568726,35.114606363831705,0.011199872577095222,0.08875,0.0628614548034008,0.1875
82,0.47777816709154436,0.0,0.0,0.06625,0.06870453041830649,0.1875
83,0.5433060115997167,0.0,0.0,0.09625000000000002,0.07332504688031233,0.1875
84,0.4287165402476668,0.0,0.0,0.0775,0.08135570047636491,0.1875
85,0.5345810414799163,55.414393076680945,0.025867107572248634,0.058750000000000004,0.07138145767634618,0.1875
86,0.5016971435487321,0.0,0.0,0.10874999999999999,0.07746975216173084,0.1875
87,0.5127202024366007,14.519907834634783,0.0035181241868323873,0.06625,0.02960679820581753,0.08750000000000001
88,0.4695211414386207,0.0,0.0,0.0375,0.024999999999999998,0.08750000000000001
89,0.5221351545322307,0.0,0.0,0.05,0.056457948953181084,0.1875
90,0.42497532370723917,12.872190466193286,0.003029302798916785,0.10125000000000002,0.08430784364458624,0.1875
91,0.45371353142533394,0.0,0.0,0.095,0.07399324293474371,0.17500000000000002
92,0.6352815540532532,0.0,0.0,0.034999999999999996,0.0329772648956823,0.08750000000000001
93,0.4710213627264163,0.0,0.0,0.05750000000000001,0.03674234614174767,0.08750000000000001
94,0.48800946360146585,13.625635674882655,0.0032573976775897425,0.08750000000000001,0.06349212549600147,0.17500000000000002
95,0.5003729973578994,5.596673970689879,0.0012257448825650449,0.11625,0.061250000000000006,0.1875
96,0.4650914915888113,6.452848817520984,0.0014203224629989603,0.07125,0.0684767296240117,0.1875
97,0.540913379527447,25.626085358461193,0.007164434124954005,0.09375,0.07588025105388095,0.1875
98,0.5577066868933797,0.0,0.0,0.1,0.06982120021884472,0.17500000000000002
99,0.5024865338358895,0.0,0.0,0.0875,0.0670820393249937,0.1875
100,0.4523334087945723,0.0,0.0,0.07375000000000001,0.0705890395174775,0.1875
101,0.4611765235354981,0.0,0.0,0.1025,0.08077747210701756,0.1875
102,0.4472747135062812,0.0,0.0,0.12375,0.07914583059138365,0.1875
103,0.42522836743398096,0.0,0.0,0.08000000000000002,0.049749371855331,0.17500000000000002
104,0.4638665104687101,19.217229281199305,0.004899254646197004,0.08249999999999999,0.05220153254455275,0.1875
105,0.4941563912404932,7.449909200988773,0.001663131296137461,0.10500000000000001,0.08104782538723665,0.1875
106,0.48735735805569685,0.0,0.0,0.0675,0.05567764362830022,0.1875
107,0.5158624393620796,0.0,0.0,0.07250000000000001,0.06819090848492927,0.1875
108,0.5188463692021656,40.3327868644967,0.014025198775934724,0.07,0.05425633603552677,0.1875
109,0.43646973803400824,0.023644414752945757,4.853706446647619e-06,0.07125000000000001,0.05304773793480736,0.1875
110,0.5754468495609283,11.130193267566495,0.0026151343827051678,0.05750000000000001,0.057608593109014575,0.1875
111,0.4895888871517167,0.0,0.0,0.061250000000000006,0.059015358170564386,0.1875
112,0.4919073004586872,0.0,0.0,0.08249999999999999,0.065,0.1875
113,0.5324840922202486,14.247566142262896,0.003449735305453925,0.09625000000000002,0.08515610665125549,0.1875
114,0.4902101497492459,0.0,0.0,0.08,0.06666145812986692,0.1875
115,0.4827400071353838,0.0,0.0,0.07625,0.06856794075951239,0.1875
116,0.4681346538966743,0.0,0.0,0.07625,0.06577661058461436,0.1875
117,0.4767915284183126,26.326855339278577,0.007372172805185965,0.0775,0.06819090848492929,0.1875
118,0.5056728743312962,0.0,0.0,0.08125,0.06549093448714868,0.1875
119,0.6229259946145671,0.0,0.0,0.10250000000000001,0.0675,0.17500000000000002
120,0.4986782450803748,24.917580460267903,0.006863951330825684,0.07625000000000001,0.05316542579534185,0.1875
121,0.4547469992343474,0.0,0.0,0.07875,0.06709368450159822,0.1875
122,0.5675409638955302,0.0,0.0,0.065,0.052678268764263694,0.17500000000000002
123,0.43526291728474664,0.0,0.0,0.0425,0.024494897427831782,0.08750000000000001
124,0.4962250677721937,37.49039709767637,0.012407477122808161,0.0975,0.07262919523166976,0.1875
125,0.5444341755712909,0.0,0.0,0.09625,0.06226204702706136,0.1875
126,0.5310225899571699,0.0,0.0,0.10625000000000002,0.0669071184553632,0.1875
127,0.43718761915220006,39.16499835649215,0.013231074323544539,0.0625,0.053909646632119564,0.17500000000000002
128,0.503023004635413,0.0,0.0,0.05750000000000001,0.056789083458002744,0.1875
129,0.48328973015420473,0.0,0.0,0.08249999999999999,0.0642748006609122,0.17500000000000002
130,0.5189387585534296,0.0,0.0,0.11625,0.0750104159433875,0.1875
131,0.5737244220608859,0.0,0.0,0.053750000000000006,0.032619970876749727,0.08750000000000001
132,0.5409927762098615,0.0,0.0,0.07125000000000001,0.06847672962401169,0.1875
133,0.4833915189072954,0.0,0.0,0.10750000000000001,0.06523994175349945,0.17500000000000002
134,0.5697401538085864,0.0,0.0,0.06999999999999999,0.05338539126015656,0.17500000000000002
135,0.5447359944229136,0.0,0.0,0.0925,0.07648529270389177,0.1875
136,0.5880450066755223,0.0,0.0,0.06625,0.07138145767634617,0.1875
137,0.4515028783015705,32.565563758398795,0.009937012311547155,0.0775,0.06819090848492929,0.1875
138,0.40196029990214127,30.21380281732987,0.008862043785343022,0.12000000000000002,0.055677643628300216,0.15000000000000002
139,0.5286227084600864,18.14552705038873,0.004601009903621505,0.057499999999999996,0.04264680527307996,0.08750000000000001
140,0.4726258094538662,0.0,0.0,0.075,0.054486236794258416,0.1875
141,0.4698942424057391,0.0,0.0,0.07625000000000001,0.05316542579534185,0.1875
142,0.5156545761436343,17.906448168420123,0.004519739612741395,0.13,0.07399324293474371,0.17500000000000002
143,0.48448808010518485,12.38634711338164,0.002917943117462754,0.08875,0.066485430734861,0.1875
144,0.5268893640962957,0.0,0.0,0.07125000000000001,0.0684767296240117,0.1875
145,0.5343779782050502,0.0,0.0,0.07500000000000001,0.05361902647381805,0.17500000000000002
146,0.5266003659373365,20.73502963477778,0.005428396049227619,0.05750000000000001,0.05760859310901457,0.1875
147,0.615490320150208,0.0,0.0,0.07875,0.07050044326101787,0.1875
148,0.4866508238057763,14.199284523889432,0.003416749050250147,0.052500000000000005,0.03391164991562634,0.08750000000000001
149,0.5369303973667956,0.0,0.0,0.07250000000000001,0.06819090848492929,0.1875
150,0.5209883193946308,0.0,0.0,0.04875,0.05630552814777604,0.1875
151,0.459596876979393,55.228277059950656,0.025444444360992018,0.06000000000000001,0.052380817099392414,0.1875
152,0.44916106379588494,29.523746170572423,0.008616646821840051,0.06375,0.0579466349324963,0.1875
153,0.49489661900857385,0.0,0.0,0.07375000000000001,0.08337603072826147,0.1875
154,0.4961791946045099,43.924868851915754,0.016211153274115084,0.04,0.032977264895682305,0.08750000000000001
155,0.45577990596760254,6.6775164707593895,0.0014717901865944274,0.10000000000000002,0.0698212002188447,0.17500000000000002
156,0.48270555420408107,50.009360653424395,0.020679027233736637,0.058750000000000004,0.05674779731408084,0.1875
157,0.5304611069196247,0.0,0.0,0.08875,0.06286145480340079,0.1875
158,0.5347228725148417,0.0,0.0,0.057499999999999996,0.03674234614174767,0.08750000000000001
159,0.4797820843838997,40.52817968380247,0.014072898348554668,0.065,0.0526782687642637,0.17500000000000002
160,0.5043894108694456,0.0,0.0,0.0475,0.03699662146737186,0.08750000000000001
161,0.46518253541660526,7.321201726436553,0.0016266069797254217,0.04375,0.030233466556119564,0.08750000000000001
162,0.47860809574628105,0.0,0.0,0.11624999999999999,0.07501041594338749,0.1875
163,0.4131227563460102,0.0,0.0,0.11374999999999999,0.06433554616228886,0.1875
164,0.5493536777117369,12.715408753562322,0.0030312658229578703,0.06375,0.05375,0.1875
165,0.5107390906907981,9.652930918727904,0.0022120421566515194,0.062499999999999986,0.07310095758606723,0.1875
166,0.538728315811039,29.326042632762555,0.00862680603785833,0.0675,0.05567764362830022,0.1875
167,0.46774055777514684,0.0,0.0,0.07750000000000001,0.04802343178074637,0.17500000000000002
168,0.5118297437904903,0.0,0.0,0.09624999999999999,0.07645464341686514,0.1875
169,0.4822726477774706,0.0,0.0,0.07375,0.05490047813999437,0.1875
170,0.5182198346659365,0.0,0.0,0.08875000000000001,0.07934300536279175,0.1875
171,0.529868813346028,0.0,0.0,0.0775,0.06819090848492927,0.1875
172,0.5414714353324104,0.0,0.0,0.0775,0.06819090848492927,0.1875
173,0.5877190342986481,1.8356968151523707,0.00039106467176004065,0.04625,0.05756789469834728,0.1875
174,0.5250836174825324,52.642861430675914,0.023102257061768616,0.075,0.06614378277661476,0.17500000000000002
175,0.4195573553901751,8.218091651755364,0.0018346974038346037,0.07250000000000001,0.06819090848492927,0.1875
176,0.48513809927824386,16.90068742884386,0.004198565350894974,0.052500000000000005,0.0325,0.07500000000000001
177,0.5600813554486377,0.0,0.0,0.07500000000000001,0.06959705453537528,0.1875
178,0.5130287624559253,0.0,0.0,0.0775,0.06819090848492929,0.1875
179,0.5001120072199648,0.0,0.0,0.12125,0.08178668901477795,0.1875
180,0.49881321734473855,0.0,0.0,0.06625,0.05245533814589321,0.1875
181,0.4971876303362777,0.0,0.0,0.07875,0.05125,0.1875
182,0.514490094969736,0.0,0.0,0.08375,0.08004881323292683,0.1875
183,0.4713174636193304,0.0,0.0,0.07250000000000001,0.05612486080160912,0.1875
184,0.5153646619744927,0.0,0.0,0.04625,0.0542131211055036,0.1875
185,0.5070053405095548,0.22143211724048212,4.5915762886425476e-05,0.0675,0.07053367989832943,0.1875
186,0.3897624390505915,0.0,0.0,0.08625000000000001,0.06481946081232087,0.1875
187,0.4955260081162445,0.0,0.0,0.0825,0.05220153254455276,0.1875
188,0.4962808648256722,0.0,0.0,0.051250000000000004,0.05980436856952843,0.1875
189,0.5168210218601478,0.0,0.0,0.07749999999999999,0.06819090848492929,0.1875
190,0.5014693846284032,0.0,0.0,0.11000000000000001,0.06244997998398398,0.15000000000000002
191,0.5551252504279046,0.0,0.0,0.06250000000000001,0.07048936089935844,0.1875
192,0.4278394780217978,16.26059902277703,0.003983130631704893,0.08875000000000002,0.06286145480340079,0.1875
193,0.4686714434596388,34.50360613641877,0.010861737079762126,0.07250000000000001,0.051780787943019956,0.17500000000000002
194,0.4783298821281887,34.41747445639669,0.010832341654851241,0.07875000000000001,0.06709368450159821,0.1875
195,0.4416264301130414,0.0,0.0,0.06375,0.072983302884975,0.1875
196,0.46275574407157516,5.809744436297913,0.001269682320346424,0.0925,0.06229967897188557,0.17500000000000002
197,0.5332542789949017,60.10736700259105,0.03137224285318752,0.06,0.0598957427535547,0.1875
198,0.48575831300441463,24.053799019333937,0.006540374613885472,0.05,0.056457948953181084,0.1875
199,0.4866006533963333,21.448424539869187,0.005638579233229329,0.085,0.07901740314639555,0.1875
200,0.4864862203736687,29.516669849396575,0.008650310543548622,0.07,0.0694172168845741,0.1875
201,0.5328202181384925,0.0,0.0,0.10375000000000001,0.08178668901477795,0.1875
202,0.5071731660659774,0.0,0.0,0.06999999999999999,0.06666145812986692,0.1875
203,0.5463467426111951,0.0,0.0,0.08625000000000001,0.07855133671682488,0.1875
204,0.4837163971767542,0.0,0.0,0.09625,0.07332504688031233,0.1875
205,0.46709170238831565,18.61847488634401,0.004713315950970821,0.0925,0.07648529270389177,0.1875
206,0.45897761919048474,0.0,0.0,0.10250000000000001,0.07088723439378913,0.1875
207,0.506267540382401,0.0,0.0,0.06875,0.05455788210698799,0.1875
208,0.4628172550879772,0.0,0.0,0.10499999999999998,0.08104782538723665,0.1875
209,0.44665494811075046,40.70599827535734,0.014124727312451568,0.051250000000000004,0.0400975373308636,0.08750000000000001
210,0.4847656054399171,6.104303648543018,0.001341661996544216,0.07,0.06941721688457411,0.1875
211,0.5484073801231724,0.0,0.0,0.09000000000000001,0.06144102863722254,0.17500000000000002
212,0.5045048274265319,0.0,0.0,0.08499999999999999,0.0653834841531101,0.17500000000000002
213,0.4795103425047293,0.0,0.0,0.13625,0.07875,0.1875
214,0.4531563848720109,0.0,0.0,0.06375,0.06969800929725326,0.1875
215,0.4375332393983007,0.0,0.0,0.03375,0.02564785566085399,0.08750000000000001
216,0.47742068631385015,1.8744718342291453,0.0003938538114578197,0.10875000000000001,0.07746975216173084,0.1875
217,0.586760657837881,0.0,0.0,0.1025,0.07088723439378912,0.1875
218,0.5247149182607,32.41014081417419,0.009952450578020465,0.09125000000000001,0.07459264373917847,0.1875
219,0.5338858281192826,39.58846895562261,0.013622257656258047,0.0725,0.05612486080160912,0.1875
220,0.4973122944702523,0.0,0.0,0.07125000000000001,0.06915788096811526,0.1875
221,0.496266365013184,0.0,0.0,0.057499999999999996,0.05760859310901456,0.1875
222,0.49895129618715595,0.0,0.0,0.09625,0.07645464341686516,0.1875
223,0.5362637643771045,36.82698907914035,0.012119767282685589,0.11500000000000002,0.07348469228349534,0.17500000000000002
224,0.525017672695207,4.397247665853232,0.0009538595853800819,0.09375,0.08736596877503278,0.1875
225,0.5566041492910078,47.26658659275221,0.018696255449973217,0.061250000000000006,0.05490047813999438,0.1875
226,0.555330294893784,0.0,0.0,0.08499999999999999,0.05356071321407138,0.1875
227,0.4722400355092914,22.026619755345237,0.005823888211450014,0.06749999999999999,0.05482928049865327,0.17500000000000002
228,0.5457607553484226,0.0,0.0,0.06,0.0598957427535547,0.1875
229,0.46747140797191084,36.65671807952705,0.011931401793145517,0.06750000000000002,0.05129571132170799,0.17500000000000002
230,0.5346640873283091,22.407357633033325,0.005999151031719134,0.12500000000000003,0.0670820393249937,0.17500000000000002
231,0.520401414853044,9.4766829060244,0.002170035408403642,0.036250000000000004,0.02764168048436998,0.08750000000000001
232,0.5286192560028591,42.70075753019131,0.015483232532151682,0.07750000000000001,0.08135570047636491,0.1875
233,0.5453915688442035,37.91741037461212,0.012713839804413365,0.09,0.07578753195612059,0.1875
234,0.4716997298268581,0.0,0.0,0.06375,0.053750000000000006,0.1875
235,0.4844531528593509,0.0,0.0,0.125,0.07745966692414834,0.17500000000000002
236,0.4408749732953258,0.0,0.0,0.057499999999999996,0.03674234614174767,0.08750000000000001
237,0.5146004255527854,5.084471679774291,0.001109481710177468,0.0775,0.08077747210701756,0.1875
238,0.43714728984898354,14.082671146644572,0.003365285107415004,0.07875000000000001,0.06709368450159821,0.1875
239,0.5954421281703508,0.0,0.0,0.06750000000000002,0.0678232998312527,0.1875
240,0.4520676392331392,0.0,0.0,0.08125,0.0791063366614837,0.1875
241,0.5484314167659006,12.151275559572177,0.0028777720499487155,0.09375000000000001,0.07525996611745185,0.1875
242,0.49383745570911003,0.0,0.0,0.13000000000000003,0.07399324293474373,0.17500000000000002
243,0.5351213751703481,8.307237293625896,0.0018814736267386669,0.06875,0.07032291589517603,0.1875
244,0.551967502031133,5.272954316848208,0.0011584726607544978,0.07375000000000001,0.06788086991192732,0.1875
245,0.5148008686166203,0.0,0.0,0.13374999999999998,0.08178668901477795,0.1875
246,0.4389551877032831,0.0,0.0,0.058750000000000004,0.05591567311586261,0.1875
247,0.4756856139562347,46.37890689226394,0.017860220189468912,0.06125000000000001,0.05490047813999437,0.1875
248,0.4873305525831515,2.0688199962669565,0.0004360588879238089,0.0925,0.07335700375560605,0.17500000000000002
249,0.5253805840498513,0.0,0.0,0.05500000000000001,0.05425633603552677,0.1875
250,0.452984860099446,0.0,0.0,0.09,0.06514407110397692,0.1875
251,0.44549837033355877,31.845548365341088,0.009608032475677897,0.0925,0.07648529270389177,0.1875
252,0.5523327898299548,33.128959371803745,0.010319818277583583,0.10500000000000001,0.065,0.15000000000000002
253,0.5103802385348357,24.83799105539256,0.006844534142952678,0.04875,0.05630552814777604,0.1875
254,0.47666959275136217,38.847448986301025,0.013112681751397515,0.06375,0.0579466349324963,0.1875
255,0.473543411880746,0.0,0.0,0.10124999999999999,0.0571319744101322,0.1875
256,0.5217324180149202,0.0,0.0,0.135,0.06726812023536856,0.15000000000000002
257,0.5068035862688456,12.179276538241819,0.0028700564911617677,0.05249999999999999,0.05500000000000001,0.1875
258,0.493644756653444,0.0,0.0,0.0625,0.05889609494694874,0.1875
259,0.48035571437952523,43.89897625805821,0.016163849403555912,0.05125,0.0557477578024444,0.1875
260,0.4578930509295496,0.0,0.0,0.08625000000000001,0.06481946081232086,0.1875
261,0.5196107353193009,0.0,0.0,0.0625,0.05477225575051662,0.1875
262,0.4019782178175026,0.0,0.0,0.06875,0.07032291589517603,0.1875
263,0.5558028570394464,0.0,0.0,0.07250000000000001,0.05612486080160912,0.1875
264,0.4967147813906593,32.51094450735521,0.009964002734878335,0.06875,0.033189795118379384,0.08750000000000001
265,0.4348027021722061,30.718366706329263,0.009106285691861933,0.09625000000000002,0.07332504688031233,0.1875
266,0.4458998385400113,54.7383106030519,0.024906848468553476,0.07,0.06941721688457411,0.1875
267,0.47172003297257487,46.405595994085495,0.01787121842263976,0.11500000000000002,0.07348469228349534,0.17500000000000002
268,0.44247933014178153,0.0,0.0,0.065,0.07154544010627092,0.1875
269,0.4417085974591602,0.0,0.0,0.053750000000000006,0.032619970876749727,0.08750000000000001
270,0.4782217003009649,0.0,0.0,0.075,0.06959705453537526,0.1875
271,0.46950380261929403,16.803823495105238,0.004162074425619266,0.06625,0.05245533814589321,0.1875
272,0.4472203128712397,0.0,0.0,0.09875,0.07125000000000001,0.1875
273,0.5081195878964312,0.0,0.0,0.07125,0.0684767296240117,0.1875
274,0.5664212952806217,6.67861269453513,0.0014923432312122214,0.06375,0.054615130687383696,0.1875
275,0.5168178600840497,17.334561365024186,0.004345690906144068,0.0725,0.06819090848492927,0.1875
276,0.508062726652167,0.0,0.0,0.13375,0.08460385629508858,0.1875
277,0.44371605466592445,0.0,0.0,0.11000000000000001,0.07901740314639555,0.1875
278,0.450928819255984,0.0,0.0,0.06874999999999999,0.058696784409369485,0.1875
279,0.5525241820323631,0.0,0.0,0.13,0.07399324293474371,0.17500000000000002
280,0.4960381815481633,0.23756744713191238,4.920370366134813e-05,0.08750000000000001,0.06349212549600147,0.17500000000000002
281,0.5387637477248046,4.139588874440923,0.0008971324268155594,0.04875,0.030336652748779,0.08750000000000001
282,0.4275404571649219,46.4154225278544,0.017792157403700676,0.08125,0.08144208064630962,0.1875
283,0.5019497523500354,0.0,0.0,0.0875,0.07745966692414834,0.1875
284,0.5321936928690194,28.115582581348058,0.008124223689439339,0.05375,0.05917400189272313,0.1875
285,0.5087612988422743,0.0,0.0,0.10750000000000001,0.07830229881682914,0.17500000000000002
286,0.49472395730979574,0.0,0.0,0.041249999999999995,0.0321374003304561,0.08750000000000001
287,0.49272581336886384,39.844661444851475,0.013698850290252857,0.05875000000000001,0.05674779731408083,0.1875
288,0.4782957235491144,0.0,0.0,0.10625,0.06965315857877517,0.1875
289,0.46821502310481716,0.0,0.0,0.0725,0.07154544010627092,0.1875
290,0.4855349054287975,0.5833709115528378,0.00012109496113275837,0.058750000000000004,0.05674779731408084,0.1875
291,0.4661498345229307,0.0,0.0,0.06625,0.05245533814589321,0.1875
292,0.44582173389897783,5.384207940530158,0.001169196139263648,0.08,0.07949056547792323,0.1875
293,0.5319063780590862,0.0,0.0,0.07625,0.08167198111959817,0.1875
294,0.4752972844041455,0.2923539102936744,6.043581289047628e-05,0.11875,0.08427076895341587,0.1875
295,0.44673363960945767,0.0,0.0,0.07125,0.03064412668032816,0.08750000000000001
296,0.5254800158675462,0.0,0.0,0.095,0.0746240577829965,0.1875
297,0.488398606935395,0.0,0.0,0.09625,0.07332504688031233,0.1875
298,0.42288430811037747,0.0,0.0,0.04625,0.0542131211055036,0.1875
299,0.4915657898513023,0.0,0.0,0.08249999999999999,0.06782329983125268,0.1875
300,0.5023024507633465,0.0,0.0,0.10374999999999998,0.08178668901477795,0.1875
301,0.426583848448656,32.19286236337568,0.009743141026579864,0.09,0.07822243923581008,0.1875
302,0.5485802175904719,52.88447865586392,0.023397961746866883,0.08125000000000002,0.06549093448714868,0.1875
303,0.5240496087734443,9.152033616795057,0.0020891461164790227,0.08250000000000002,0.07810249675906655,0.1875
304,0.5024684117825009,0.0,0.0,0.07875,0.06709368450159822,0.1875
305,0.40044916495179983,26.22666679059305,0.007274518491854958,0.09,0.06514407110397692,0.1875
306,0.4502492621007295,0.0,0.0,0.11500000000000002,0.07348469228349534,0.17500000000000002
307,0.5865784320751102,0.0,0.0,0.06250000000000003,0.025617376914898998,0.07500000000000001
308,0.4533691575500441,31.165817246555438,0.009317817821147847,0.06250000000000001,0.07310095758606724,0.1875
309,0.4308252845987194,1.206433284580694,0.00025047378378384113,0.05625,0.02452677108793573,0.08750000000000001
310,0.4818187127804019,0.0,0.0,0.058750000000000004,0.05674779731408084,0.1875
311,0.4985879750121666,16.126239661542673,0.003975461955606896,0.08499999999999999,0.0653834841531101,0.17500000000000002
312,0.4994011835671967,20.948028144591103,0.005480454436085455,0.04625,0.05756789469834728,0.1875
313,0.4555814458395009,0.0,0.0,0.10625,0.08258518329579466,0.1875
314,0.5283389358666633,0.0,0.0,0.08125,0.08201562351162126,0.1875
315,0.5500750946447815,0.0,0.0,0.04875,0.04200074404102861,0.08750000000000001
316,0.41041208530566614,0.0,0.0,0.07999999999999999,0.06666145812986692,0.1875
317,0.5200851494189785,0.0,0.0,0.058750000000000004,0.05245533814589322,0.1875
318,0.5048468652251715,0.0,0.0,0.08,0.0659545297913646,0.17500000000000002
319,0.5485956057341709,3.3188364985545964,0.0007140644579781961,0.07125000000000001,0.0572958331818292,0.1875
320,0.5140165590323434,0.0,0.0,0.09125000000000001,0.07767118191452993,0.1875
321,0.5085145724718356,0.0,0.0,0.061250000000000006,0.0557477578024444,0.1875
322,0.49273950486737805,53.59504953579479,0.023910383993383893,0.051250000000000004,0.05490047813999437,0.1875
323,0.53952984798083,0.0,0.0,0.09749999999999999,0.07516648189186455,0.1875
324,0.5411141336148911,0.0,0.0,0.09000000000000001,0.07822243923581008,0.1875
325,0.5112622082855638,0.0,0.0,0.15,0.0632455532033676,0.15000000000000002
326,0.5698990165331737,49.64713876498861,0.020607415837847462,0.12999999999999998,0.08627716963368699,0.1875
327,0.5699470809390049,11.515609708031675,0.0027154439541414253,0.08125,0.06549093448714868,0.1875
328,0.5411180017932601,53.99193227523252,0.02444164946726787,0.08499999999999999,0.07901740314639555,0.1875
329,0.4857530729698998,0.0,0.0,0.14625000000000002,0.06983238861731711,0.1875
330,0.49947350886594544,0.0,0.0,0.06,0.055845769759221696,0.1875
331,0.49886917265079855,0.0,0.0,0.06875,0.06965315857877517,0.1875
332,0.4660444947472835,32.798843961990556,0.010059322091760723,0.08625000000000001,0.08148044243866132,0.1875
333,0.4316510605959731,0.0,0.0,0.09,0.06514407110397692,0.1875
334,0.5060926028542335,0.0,0.0,0.13124999999999998,0.084640785086151,0.1875
335,0.5166534720104498,0.0,0.0,0.05125,0.027641680484369976,0.08750000000000001
336,0.5857291236081656,15.574763731461063,0.0038580311596172093,0.0625,0.07310095758606723,0.1875
337,0.49840679901136264,28.604116120221335,0.008287198845556183,0.09125000000000001,0.07767118191452993,0.1875
338,0.5488875869593351,0.0,0.0,0.10625,0.06965315857877517,0.1875
339,0.5116107397465056,18.31560112580296,0.004643879626301807,0.11875000000000002,0.07229496870460628,0.1875
340,0.5351690872603385,24.701771628658996,0.0068159305254013374,0.0375,0.0158113883008419,0.037500000000000006
341,0.5109336415445431,0.0,0.0,0.0675,0.055677643628300216,0.1875
342,0.44554723248777645,31.169111752693173,0.009311328247275236,0.06250000000000001,0.05477225575051662,0.1875
343,0.5730657512505902,0.0,0.0,0.09625000000000002,0.08570479858210975,0.1875
344,0.5611158876780588,0.0,0.0,0.035,0.0343693177121688,0.08750000000000001
345,0.5768017516191459,0.0,0.0,0.04,0.0329772648956823,0.08750000000000001
346,0.48658395535415067,0.0,0.0,0.09500000000000001,0.07141428428542851,0.17500000000000002
347,0.46746864032861263,0.0,0.0,0.09375,0.07588025105388095,0.1875
348,0.5843931895555043,11.348441950536504,0.002676323366164065,0.08499999999999999,0.07901740314639555,0.1875
349,0.5650999882780884,39.54522423020943,0.013653449350474958,0.10375000000000001,0.08235783205014567,0.1875
350,0.544519337924625,36.025702262064776,0.011720021412903655,0.043750000000000004,0.057892680884547056,0.1875
351,0.43826378858551696,0.0,0.0,0.07,0.05425633603552677,0.1875
352,0.4410654158324538,0.0,0.0,0.05750000000000001,0.05338539126015657,0.1875
353,0.45721875166911713,0.0,0.0,0.09374999999999999,0.07588025105388095,0.1875
354,0.4872490344490822,24.67205831482646,0.006764873947936278,0.0625,0.05889609494694873,0.1875
355,0.49468736474762465,1.7739160550384534,0.0003731016859503055,0.10500000000000001,0.07119515432949072,0.1875
356,0.4819473257030614,0.0,0.0,0.10375000000000001,0.0693834454318896,0.1875
357,0.4906720744145287,21.32110110972375,0.005598710620615435,0.07250000000000002,0.051780787943019956,0.17500000000000002
358,0.46142160593089854,21.769259124868835,0.0057298216937449915,0.08125000000000002,0.06549093448714868,0.1875
359,0.5313996511741419,0.0,0.0,0.04125,0.03213740033045611,0.08750000000000001
360,0.4925021767508357,0.0,0.0,0.0925,0.07335700375560605,0.17500000000000002
361,0.4519082716957809,30.518346576689652,0.009037531152265426,0.06875,0.05455788210698799,0.1875
362,0.4542716944580046,0.0,0.0,0.07750000000000001,0.06819090848492929,0.1875
363,0.4701610766217363,0.0,0.0,0.0825,0.04750000000000001,0.17500000000000002
364,0.5469497192236241,5.147070213874486,0.0011285571871368896,0.0775,0.06819090848492929,0.1875
365,0.47473919020940275,0.0,0.0,0.10124999999999999,0.06902218846139262,0.1875
366,0.5179788322350076,5.557621351010526,0.001219330384752313,0.07250000000000001,0.06819090848492929,0.1875
367,0.5210499600216628,8.467027041107526,0.0019175596236795846,0.1,0.08551315688243537,0.1875
368,0.5073846419033616,0.0,0.0,0.08499999999999999,0.06609652033201142,0.1875
369,0.5004801226512078,0.0,0.0,0.06,0.0558457697592217,0.1875
370,0.44991885004205123,0.0,0.0,0.06625,0.05245533814589321,0.1875
371,0.4199130821490008,0.0,0.0,0.0925,0.07335700375560605,0.17500000000000002
372,0.5810437701487231,28.987830810190964,0.008535032729017653,0.085,0.07660776723022282,0.1875
373,0.4745755637754883,20.987580010034304,0.005477481424897415,0.10250000000000001,0.0702228595259407,0.17500000000000002
374,0.46838615490244223,0.0,0.0,0.0725,0.07088723439378912,0.1875
375,0.4676891776809439,0.0,0.0,0.045000000000000005,0.05309190145398826,0.1875
376,0.44573119470110667,53.877365623629245,0.02405566310581729,0.07875,0.07050044326101787,0.1875
377,0.5024643555220496,0.0,0.0,0.05500000000000001,0.05425633603552677,0.1875
378,0.44627814176383024,17.59853583949262,0.004389668866968926,0.06625,0.0559156731158626,0.1875
379,0.4960341052951846,0.0,0.0,0.05,0.05645794895318109,0.1875
380,0.4730738330621433,0.0,0.0,0.1025,0.08306623862918075,0.1875
381,0.5073232636250818,0.0,0.0,0.09000000000000001,0.06514407110397692,0.1875
382,0.5323240935285777,47.74100951913226,0.018996273187551305,0.051250000000000004,0.02764168048436998,0.08750000000000001
383,0.4795157602480116,48.98068257954912,0.019837623214267717,0.05,0.056457948953181084,0.1875
384,0.48196276479437095,0.0,0.0,0.08375,0.06375000000000001,0.1875
385,0.5068416005173593,41.628752306884195,0.01477618788904439,0.06875,0.07358031326380719,0.1875
386,0.5376865775600347,19.260160511459734,0.00495699892756452,0.065,0.05695392874947259,0.1875
387,0.46966454218246834,45.215110018309915,0.01702902855434393,0.05750000000000001,0.056789083458002744,0.1875
388,0.5097952912188364,51.927674148822454,0.02240510863625062,0.0475,0.035707142142714254,0.08750000000000001
389,0.5673905913097884,0.0,0.0,0.08625000000000001,0.07855133671682488,0.1875
390,0.5556763875110177,0.0,0.0,0.07749999999999999,0.08077747210701756,0.1875
391,0.544994949786256,53.792572103630434,0.02425825484060873,0.08124999999999999,0.07851154373721103,0.1875
392,0.4472820564870618,0.0,0.0,0.11750000000000001,0.08573214099741124,0.1875
393,0.5176897897519108,0.0,0.0,0.05375,0.03915114940841456,0.08750000000000001
394,0.48111537492159306,0.0,0.0,0.04750000000000001,0.03699662146737186,0.08750000000000001
395,0.5064720323030962,34.70988093606635,0.011010301647771892,0.08125000000000002,0.06549093448714868,0.1875
396,0.5280707495216109,0.0,0.0,0.095,0.0746240577829965,0.1875
397,0.4286582568373392,0.0,0.0,0.0675,0.05482928049865328,0.17500000000000002
398,0.43328100355800836,15.902696806380105,0.003881063591775229,0.05500000000000001,0.058416607227739614,0.1875
399,0.4819920436629004,0.0,0.0,0.08500000000000002,0.07901740314639555,0.1875
400,0.5233105637366383,0.0,0.0,0.0625,0.05477225575051661,0.1875
401,0.39302442854422037,10.224671220468002,0.002327652838907426,0.06624999999999999,0.05674779731408084,0.1875
402,0.5062198336006976,0.0,0.0,0.051250000000000004,0.027641680484369976,0.08750000000000001
403,0.5825714121913224,20.021654278652466,0.005233687278140662,0.09375,0.07272594103894428,0.1875
404,0.5084321973616106,18.989308122873634,0.004852931675480583,0.053750000000000006,0.055070976929776715,0.1875
405,0.4904268951008864,43.376524896007815,0.015842199990385657,0.08,0.06666145812986692,0.1875
406,0.5637963551342535,0.0,0.0,0.08625000000000001,0.06481946081232087,0.1875
407,0.4092301378407039,18.60958720362972,0.004681510033688644,0.12000000000000002,0.05567764362830022,0.15000000000000002
408,0.5199632257858955,0.0,0.0,0.07625,0.06924819492232272,0.1875
409,0.5152063078488393,18.01695626088252,0.004553522317426764,0.05625,0.053400023408234576,0.1875
410,0.4644633189829139,0.0,0.0,0.08875000000000001,0.07934300536279176,0.1875
411,0.47711410641211727,0.0,0.0,0.037500000000000006,0.025000000000000005,0.08750000000000001
412,0.40479264628040834,20.916808323431717,0.005413461268972269,0.05625000000000001,0.05340002340823456,0.1875
413,0.46577074000116764,14.756916742700726,0.003565615009003915,0.11750000000000001,0.07335700375560605,0.17500000000000002
414,0.530078604277897,21.379450941346,0.005645602269733801,0.061250000000000006,0.05490047813999438,0.1875
415,0.5016216165529591,0.0,0.0,0.0625,0.032113081446662826,0.07500000000000001
416,0.5573845560765528,0.0,0.0,0.075,0.06959705453537528,0.1875
417,0.5121925017664448,26.708397250027076,0.007549984617482937,0.06624999999999999,0.07203514767111956,0.1875
418,0.5020764822066432,31.889722423818885,0.00969043287419511,0.062499999999999986,0.05477225575051661,0.1875
419,0.533648260158191,21.80179011880545,0.005790948611441403,0.04750000000000001,0.05695392874947259,0.1875
420,0.5354861178619764,0.0,0.0,0.04,0.0248746859276655,0.08750000000000001
421,0.5673062507530798,0.0,0.0,0.07749999999999999,0.06819090848492929,0.1875
422,0.6080487453718586,0.0,0.0,0.095,0.056789083458002744,0.15000000000000002
423,0.4963176387351481,0.0,0.0,0.0625,0.07373940601876314,0.1875
424,0.4567909074245343,21.706434672681443,0.005705732871285045,0.03125000000000001,0.026954823316059782,0.08750000000000001
425,0.43793257702826727,11.827154783779594,0.002754057006616885,0.07125000000000001,0.06915788096811527,0.1875
426,0.5467490921178527,0.0,0.0,0.09375,0.07272594103894428,0.1875
427,0.4508248846442379,0.0,0.0,0.05625,0.03676360292463186,0.08750000000000001
428,0.4821801643164863,0.0,0.0,0.045,0.03072051431861127,0.08750000000000001
429,0.4859592224424302,0.0,0.0,0.08375,0.08004881323292683,0.1875
430,0.4339290988808795,23.893526329834152,0.0064455970218816805,0.04875,0.03466356155965512,0.08750000000000001
431,0.5074755710041156,0.0,0.0,0.08499999999999999,0.07901740314639555,0.1875
432,0.556782745730765,0.0,0.0,0.058750000000000004,0.05674779731408084,0.1875
433,0.5316376407845647,0.0,0.0,0.07625,0.06924819492232272,0.1875
434,0.4396063508211214,37.216224146500736,0.012184332939226356,0.07375,0.06718677325188345,0.1875
435,0.5184190504534424,29.76978689738463,0.008790076550713443,0.061250000000000006,0.0557477578024444,0.1875
436,0.4959868641176241,0.0,0.0,0.06875,0.07032291589517603,0.1875
437,0.5723828876300916,0.0,0.0,0.07,0.06941721688457411,0.1875
438,0.49877871064103474,0.0,0.0,0.09624999999999999,0.07332504688031233,0.1875
439,0.4360164316501382,0.0,0.0,0.0475,0.030000000000000002,0.08750000000000001
440,0.4766093103431811,0.0,0.0,0.05375,0.05507097692977673,0.1875
441,0.555768371688152,52.412190426449044,0.02297959779607934,0.10750000000000001,0.06523994175349945,0.17500000000000002
442,0.43583417646589595,0.0,0.0,0.07375000000000001,0.08281191037525942,0.1875
443,0.4988775264335047,0.0,0.0,0.08375000000000002,0.08004881323292683,0.1875
444,0.4968046385703927,0.0,0.0,0.07625000000000001,0.06856794075951239,0.1875
445,0.5770708272713932,0.0,0.0,0.05750000000000001,0.056789083458002744,0.1875
446,0.5287088525675548,39.74952049068173,0.01370509399898576,0.058750000000000004,0.05674779731408084,0.1875
447,0.5814647945792981,0.0,0.0,0.0725,0.06819090848492927,0.1875
448,0.5780485663083342,0.0,0.0,0.05,0.05214163403653554,0.1875
449,0.5260886517534112,16.838089774188493,0.004200845881304615,0.07875,0.08043825271598086,0.1875
450,0.5460355023932224,67.89631978038223,0.044154875096005436,0.05000000000000001,0.05562148865321748,0.1875
451,0.49193261760619317,0.0,0.0,0.05499999999999999,0.037996710383926664,0.08750000000000001
452,0.4337217491432501,40.68336828161074,0.01409203717537502,0.06875,0.06690711845536318,0.1875
453,0.5387919149193628,9.889469687340318,0.002280313124444996,0.08,0.05425633603552677,0.1875
454,0.4042948801404517,8.470830753208835,0.0018934446980864799,0.11750000000000001,0.07399324293474371,0.1875
455,0.5813347290330614,0.0,0.0,0.0475,0.030000000000000002,0.08750000000000001
456,0.5905194164043408,0.0,0.0,0.07625000000000001,0.06924819492232272,0.1875
457,0.5291567903361968,0.0,0.0,0.065,0.07219764539096826,0.1875
458,0.4860034123869402,0.0,0.0,0.051250000000000004,0.0557477578024444,0.1875
459,0.45764373258385316,4.055933489879191,0.0008696644914849088,0.06250000000000001,0.06982120021884472,0.1875
460,0.5002875235230947,0.0,0.0,0.07125000000000001,0.06847672962401169,0.1875
461,0.5215540111841439,0.0,0.0,0.075,0.054486236794258416,0.1875
462,0.48725118502023795,41.11545282230991,0.01443242060207277,0.09125000000000001,0.07706531320899176,0.1875
463,0.5590891188129836,0.0,0.0,0.07,0.0694172168845741,0.1875
464,0.4901447304318376,0.0,0.0,0.07625000000000001,0.06856794075951239,0.1875
465,0.5739653485455075,0.0,0.0,0.045000000000000005,0.05814851674806504,0.1875
466,0.506960921733856,0.0,0.0,0.058750000000000004,0.06073765306628171,0.1875
467,0.5674275123165152,0.0,0.0,0.08875000000000001,0.066485430734861,0.1875
468,0.477137299881548,47.89074377478932,0.018982649288723903,0.06625,0.05245533814589322,0.1875
469,0.4123738682083131,20.30861026236517,0.005219784862532182,0.06999999999999999,0.0694172168845741,0.1875
470,0.48414669817671036,0.0,0.0,0.0925,0.07648529270389177,0.1875
471,0.4974821288265686,0.0,0.0,0.095,0.07141428428542851,0.17500000000000002
472,0.5312695732697988,0.0,0.0,0.09125,0.07459264373917848,0.1875
473,0.4760762479695643,9.796342898087934,0.002239172920315629,0.05375,0.03915114940841456,0.08750000000000001
474,0.4981670560424467,65.98598008302056,0.04025077482140073,0.08375000000000002,0.06662628985618214,0.1875
475,0.5635787676344723,42.135407380972985,0.015198137011979971,0.0875,0.07745966692414834,0.1875
476,0.5023080320638098,0.0,0.0,0.09625,0.07332504688031233,0.1875
477,0.505747337958067,32.23841295896512,0.009851312752074745,0.09125000000000001,0.06375,0.1875
478,0.5048759230272373,50.43523263335915,0.021090762161486188,0.07,0.05760859310901456,0.1875
479,0.4138967508793787,0.0,0.0,0.0675,0.07053367989832943,0.1875
480,0.46141641022043306,5.394243207841292,0.0011735172889707198,0.10125000000000002,0.06902218846139262,0.1875
481,0.5557203181721158,0.0,0.0,0.09875,0.0738346971281118,0.1875
482,0.4995109246909586,14.995458421592438,0.003647799790840255,0.08625,0.06833968466418323,0.1875
483,0.501537524130471,9.203041324395777,0.002096108918656888,0.07125,0.06915788096811529,0.1875
484,0.52547266728879,29.628114451100952,0.008738356119742817,0.07249999999999998,0.07154544010627092,0.1875
485,0.5610531303693495,58.74158333138193,0.029746774068634654,0.05125,0.0557477578024444,0.1875
486,0.4759860061357891,45.972304812231926,0.01757038735276651,0.10875000000000001,0.06709368450159822,0.1875
487,0.5248096099844668,3.3788387313360286,0.0007251809085928304,0.065,0.06887488656977955,0.1875
488,0.5272418033424318,0.0,0.0,0.045000000000000005,0.057336724705898574,0.1875
489,0.5856205686285939,26.019579878985923,0.007357578800462859,0.07,0.05338539126015656,0.17500000000000002
490,0.4826733809329311,46.202095755773556,0.017747762732770317,0.08375000000000002,0.07946107537656409,0.1875
491,0.4512899572863388,5.514858855125976,0.0011999332497115802,0.0475,0.0526782687642637,0.1875
492,0.46442128875919364,0.0,0.0,0.04000000000000001,0.03944933459514875,0.08750000000000001
493,0.5283030678683688,49.0584525417334,0.020016250318025876,0.08875000000000001,0.06286145480340079,0.1875
494,0.43940217675503307,0.0,0.0,0.09125000000000001,0.07459264373917847,0.1875
495,0.4978881449812688,0.0,0.0,0.08375,0.07706531320899176,0.1875
496,0.45996107076726234,0.0,0.0,0.04625,0.05334147073337967,0.1875
497,0.5124216545928054,0.0,0.0,0.06625,0.05245533814589321,0.1875
498,0.503335329945914,0.0,0.0,0.11000000000000001,0.07599342076785333,0.17500000000000002
499,0.5136312339749832,0.0,0.0,0.0925,0.06304760106459247,0.1875
500,0.45959072050184563,0.0,0.0,0.085,0.07960841664045329,0.1875
501,0.547056899119022,0.0,0.0,0.05750000000000001,0.03674234614174767,0.08750000000000001
502,0.5080560368154936,41.60647432133171,0.014764825647775275,0.04125,0.023750000000000004,0.08750000000000001
503,0.5369374956884452,0.0,0.0,0.08125,0.06829394189823867,0.1875
504,0.48351862762957054,0.0,0.0,0.10875000000000001,0.07746975216173084,0.1875
505,0.44228369647418186,0.0,0.0,0.05625,0.057622152858080554,0.1875
506,0.5613813727645041,0.0,0.0,0.08249999999999999,0.08104782538723665,0.1875
507,0.5219080478732645,0.0,0.0,0.05625,0.057622152858080554,0.1875
508,0.4721093914364099,8.268429970753482,0.001857534223335635,0.08,0.06666145812986692,0.1875
509,0.480960805260373,0.0,0.0,0.06,0.07132671308843554,0.1875
510,0.5224398734680096,0.0,0.0,0.07375000000000001,0.05490047813999437,0.1875
511,0.46620458799921755,0.0,0.0,0.07999999999999999,0.06666145812986692,0.1875
512,0.431357282142526,17.725451495095182,0.004421096047115975,0.045,0.037583240945932274,0.08750000000000001
513,0.5112001281599542,0.0,0.0,0.04125,0.025647855660853994,0.08750000000000001
514,0.48720816040996134,30.422463877737204,0.009032919627187698,0.03125000000000001,0.016056540723331413,0.037500000000000006
515,0.44970874903156005,0.0,0.0,0.11625,0.0871510900677668,0.1875
516,0.5121619670048918,27.519611416008004,0.00786657441086849,0.08875000000000001,0.06577661058461434,0.1875
517,0.5248565337973964,36.767079217316166,0.012070991831988995,0.08375000000000002,0.06662628985618216,0.1875
518,0.43613879330255245,24.42306984770861,0.00663629250409141,0.0675,0.07053367989832943,0.1875
519,0.5243744805951552,0.0,0.0,0.06375,0.06969800929725326,0.1875
520,0.4563111839270076,0.0,0.0,0.05,0.056457948953181084,0.1875
521,0.5049558612750416,0.0,0.0,0.08625000000000001,0.07855133671682488,0.1875
522,0.5602982170957552,4.938795608128535,0.001082435961132342,0.08375,0.06732616504747617,0.1875
523,0.4245918663843603,0.0,0.0,0.057499999999999996,0.07206767652699787,0.1875
524,0.5000987180232942,0.0,0.0,0.08249999999999999,0.05220153254455275,0.1875
525,0.4544692901579914,0.0,0.0,0.05125,0.055747757802444405,0.1875
526,0.5689743575233454,46.11553217411147,0.017879689425353652,0.06749999999999999,0.07053367989832943,0.1875
527,0.5496950184995949,48.056950680519165,0.019281422654527796,0.09874999999999999,0.08614123577010026,0.1875
528,0.5909753341176277,0.0,0.0,0.07125,0.07246766520317874,0.1875
529,0.4699232649426919,22.562342803060222,0.006005317483957264,0.06875,0.05455788210698799,0.1875
530,0.5084870964748494,44.13241714878433,0.016373068114630986,0.05,0.05214163403653554,0.1875
531,0.47589670165951886,5.843135486437323,0.0012793567961890723,0.09000000000000001,0.07578753195612059,0.1875
532,0.4638755514135462,0.0,0.0,0.10875000000000001,0.07985338126842219,0.1875
533,0.4230499556431258,0.0,0.0,0.059999999999999984,0.07132671308843552,0.1875
534,0.4604817846415273,0.0,0.0,0.0975,0.07198090024443984,0.17500000000000002
535,0.47539403551035125,0.0,0.0,0.0775,0.06819090848492929,0.1875
536,0.46726737777070465,0.0,0.0,0.053750000000000006,0.05507097692977672,0.1875
537,0.4878968660865938,11.988128873190455,0.0028124537968031446,0.052500000000000005,0.059107952087684455,0.1875
538,0.4975936384792432,0.0,0.0,0.095,0.07141428428542851,0.17500000000000002
539,0.45187537701446917,30.080389746861584,0.008851851198805116,0.10375000000000001,0.0693834454318896,0.1875
540,0.42974102558124594,53.722293869228565,0.023865382556679755,0.05750000000000001,0.029685855217594793,0.07500000000000001
541,0.45030416551507424,0.0,0.0,0.07,0.05425633603552677,0.1875
542,0.42092886397558144,0.0,0.0,0.1,0.08496322733983215,0.1875
543,0.48548196829261714,3.0757821339917166,0.0006549093587629818,0.065,0.05695392874947259,0.1875
544,0.4796932012402267,0.0,0.0,0.08375,0.07706531320899176,0.1875
545,0.461836614469032,44.801614532228164,0.01673162060231756,0.10874999999999999,0.08043825271598086,0.1875
546,0.5427700858811789,52.705288222386514,0.023212276401181387,0.085,0.07901740314639555,0.1875
547,0.47263634591065745,0.0,0.0,0.065,0.07219764539096826,0.1875
548,0.5151654028621667,0.0,0.0,0.04750000000000001,0.03570714214271425,0.08750000000000001
549,0.41755694924020653,0.0,0.0,0.06000000000000001,0.052380817099392414,0.1875
550,0.47659449576261015,42.69007256758881,0.015379238755980986,0.03874999999999999,0.03375,0.08750000000000001
551,0.4507640575201268,40.80311259658874,0.01418810567713172,0.07625000000000001,0.06856794075951239,0.1875
552,0.48928890562531924,0.0,0.0,0.12125,0.08178668901477795,0.1875
553,0.4959158456917501,0.0,0.0,0.095,0.07462405778299651,0.1875
554,0.462420515104841,0.0,0.0,0.08125,0.06549093448714868,0.1875
555,0.5151083042352199,0.0,0.0,0.0675,0.05567764362830022,0.1875
556,0.49634372066569254,25.994427227480603,0.007263017934839539,0.062499999999999986,0.05477225575051661,0.1875
557,0.4963942486359195,0.0,0.0,0.065,0.07219764539096826,0.1875
558,0.5229704696533612,0.0,0.0,0.042499999999999996,0.03122498999199199,0.08750000000000001
559,0.5468618286436491,0.0,0.0,0.0775,0.06819090848492929,0.1875
560,0.4691333508170709,17.141863396723487,0.004262990088118075,0.07000000000000002,0.05338539126015657,0.17500000000000002
561,0.5475642830543926,41.8954342789506,0.015016640966246313,0.08249999999999999,0.06782329983125268,0.1875
562,0.5157115679160595,0.0,0.0,0.08875,0.06577661058461436,0.1875
563,0.4691026219863236,18.181077148718646,0.0045789800243576225,0.0675,0.07053367989832943,0.1875
564,0.507765941577134,1.9934259930951908,0.00042088167469911825,0.05750000000000001,0.03674234614174767,0.08750000000000001
565,0.4275401636034662,65.78949644144137,0.03958629746330791,0.04875,0.0571319744101322,0.1875
566,0.5378758128016644,46.66454806509436,0.018204465267614,0.09625,0.07332504688031233,0.1875
567,0.5574228839163784,57.505894907605516,0.028257032672836125,0.061250000000000006,0.05490047813999437,0.1875
568,0.5595113966721075,8.670600373763069,0.0019779407913118417,0.10000000000000002,0.07310095758606723,0.1875
569,0.4941276377384938,53.49845226605366,0.023820898635094324,0.11499999999999999,0.08584142356694699,0.1875
570,0.5385124050131938,0.0,0.0,0.08375,0.06662628985618214,0.1875
571,0.48533862452564513,0.0,0.0,0.07625,0.06924819492232272,0.1875
572,0.503556288810757,0.0,0.0,0.03375,0.025647855660853994,0.08750000000000001
573,0.5081315434417073,0.0,0.0,0.0975,0.07198090024443984,0.17500000000000002
574,0.47460800314698537,0.0,0.0,0.07125000000000001,0.05304773793480736,0.1875
575,0.5058834092084306,0.0,0.0,0.06625,0.07138145767634618,0.1875
576,0.5808803890541301,42.09827670160661,0.015210598319006521,0.0625,0.05889609494694874,0.1875
577,0.45306603030323456,0.0,0.0,0.12250000000000001,0.08077747210701756,0.1875
578,0.46178946351756583,0.0,0.0,0.04,0.032977264895682305,0.08750000000000001
579,0.44549137422289475,60.134843943791225,0.0310852289585098,0.08375,0.06662628985618214,0.1875
580,0.5032528402518599,27.504564113557084,0.007852036310224318,0.06,0.055845769759221696,0.1875
581,0.4718894314335559,0.0,0.0,0.05250000000000001,0.055845769759221696,0.1875
582,0.480828349038152,0.0,0.0,0.051250000000000004,0.02764168048436998,0.08750000000000001
583,0.41259881845274793,0.0,0.0,0.11750000000000001,0.07399324293474371,0.1875
584,0.48059398960658994,1.5428920839196776,0.00032320913011214944,0.09000000000000001,0.07822243923581008,0.1875
585,0.4745110177878774,4.669258914001102,0.001009563835768625,0.06375,0.07298330288497501,0.1875
586,0.448769441322625,0.0,0.0,0.09749999999999999,0.06144102863722254,0.1875
587,0.49963879253363264,35.449104771213875,0.011364476190735788,0.1075,0.08124038404635961,0.1875
588,0.47438434721471995,14.210516115122918,0.0034150056475668136,0.04,0.05528336096873995,0.1875
589,0.4946250661410284,9.728245864074166,0.002226791331113176,0.04875,0.05630552814777604,0.1875
590,0.5527653129151765,44.48095623689734,0.016700248232255042,0.0925,0.07648529270389177,0.1875
591,0.4763650461162246,0.0,0.0,0.04875,0.057131974410132194,0.1875
592,0.5632718100377746,52.82703808925384,0.023389879291744218,0.0925,0.07648529270389177,0.1875
593,0.603154309032086,0.0,0.0,0.09,0.06514407110397692,0.1875
594,0.49273657643640867,0.0,0.0,0.07125000000000001,0.05304773793480736,0.1875
595,0.5011420257463726,0.0,0.0,0.061250000000000006,0.0557477578024444,0.1875
596,0.5272030128142445,0.0,0.0,0.09125000000000003,0.07459264373917847,0.1875
597,0.5037321611965444,23.759112410881155,0.006449072909528648,0.06875,0.058696784409369485,0.1875
598,0.4683901120683492,0.0,0.0,0.07,0.05425633603552677,0.1875
599,0.5004754691351918,0.0,0.0,0.045,0.058148516748065045,0.1875
600,0.48050461378155057,0.0,0.0,0.07999999999999999,0.06666145812986692,0.1875
601,0.47757022033347,0.0,0.0,0.10499999999999998,0.06782329983125268,0.17500000000000002
602,0.49509432124666947,0.0,0.0,0.08875000000000002,0.07633192320386013,0.1875
603,0.5343435384279128,38.137192921520665,0.01281446175024615,0.065,0.05695392874947259,0.1875
604,0.475464958334079,19.3506666997969,0.004947999527100532,0.08375,0.06375,0.1875
605,0.5904505475319864,0.0,0.0,0.0675,0.05567764362830022,0.1875
606,0.5280746942330306,59.29793942979684,0.030311239849631667,0.11750000000000001,0.08573214099741124,0.1875
607,0.5161367192166214,26.067737516389478,0.007308434596027392,0.05875000000000001,0.07138145767634617,0.1875
608,0.4666511852776164,7.099109048496152,0.0015737512314168425,0.10500000000000001,0.06782329983125268,0.17500000000000002
609,0.5476601901097181,1.3666270550283313,0.00028816763114014463,0.07125000000000001,0.05304773793480736,0.1875
610,0.5244645376521083,2.113741523893713,0.0004477679637429121,0.07000000000000002,0.05425633603552677,0.1875
611,0.494236353474971,16.318580796057574,0.004030031901593432,0.07375000000000001,0.051371806470086295,0.1875
612,0.49154996955681607,0.0,0.0,0.08375000000000002,0.07767118191452993,0.1875
613,0.5503216865585407,0.0,0.0,0.125,0.06422616289332565,0.15000000000000002
614,0.5076957211864859,47.39784719813266,0.018678588935725444,0.09249999999999999,0.07399324293474371,0.1875
615,0.5732716610455968,0.0,0.0,0.09125000000000001,0.06375,0.1875
616,0.556877804602554,0.0,0.0,0.095,0.0746240577829965,0.1875
617,0.5186218968122106,0.0,0.0,0.06625,0.07138145767634618,0.1875
618,0.4901320342546806,0.0,0.0,0.0825,0.0678232998312527,0.1875
619,0.5139431226525893,30.22295203272804,0.008976993162055726,0.03625000000000001,0.025890393971509978,0.08750000000000001
620,0.4351687551857477,35.084557693804186,0.011102795853978832,0.027500000000000004,0.026692695630078284,0.08750000000000001
621,0.5671767102854616,27.316401082620672,0.007842456500047697,0.058750000000000004,0.05674779731408084,0.1875
622,0.48772451769747005,0.0,0.0,0.08125,0.08201562351162126,0.1875
623,0.5033760256286082,17.963533373967543,0.004530447628387082,0.07125000000000001,0.06847672962401169,0.1875
624,0.4946572886188024,16.0341642858404,0.003946544884593091,0.05250000000000001,0.055,0.1875
625,0.5127822365493163,0.0,0.0,0.06375,0.0579466349324963,0.1875
626,0.5200488815801451,3.3994127126895695,0.000729316989466332,0.052500000000000005,0.02610076627227638,0.07500000000000001
627,0.47897504947255465,19.394094814271813,0.004963818025690653,0.06875,0.058696784409369485,0.1875
628,0.4879320742641875,0.0,0.0,0.0825,0.05220153254455276,0.1875
629,0.44559323412606205,26.154320811104014,0.007281184422780973,0.0475,0.0526782687642637,0.1875
630,0.39422177138269876,8.92432677782078,0.0020027862352092734,0.0675,0.07119515432949072,0.1875
631,0.5281347165010684,0.0,0.0,0.10624999999999998,0.06965315857877517,0.1875
632,0.5004417348004369,0.0,0.0,0.043750000000000004,0.057892680884547056,0.1875
633,0.46591976239305766,5.123485895888743,0.0011119910842568878,0.075,0.07026734661277598,0.1875
634,0.5440337771545752,0.0,0.0,0.07375000000000001,0.06788086991192732,0.1875
635,0.4674339306107141,31.375448909008146,0.009424121330453863,0.07125000000000001,0.06915788096811526,0.1875
636,0.46081672707399157,0.0,0.0,0.10374999999999998,0.08178668901477795,0.1875
637,0.476213377090847,13.219349778593875,0.003141106327435652,0.075,0.05361902647381804,0.17500000000000002
638,0.4883518432372255,0.0,0.0,0.06625,0.07138145767634617,0.1875
639,0.4597669254940508,0.0,0.0,0.12,0.0833291665624948,0.1875
640,0.5529363881398537,0.0,0.0,0.053749999999999985,0.058376472144178085,0.1875
641,0.5385547974105667,56.33857005210701,0.026873081766724993,0.11250000000000002,0.0625,0.17500000000000002
642,0.5887607359789274,25.779984056761307,0.007269426965499262,0.06000000000000001,0.0558457697592217,0.1875
643,0.48553145161702305,0.0,0.0,0.1125,0.0625,0.17500000000000002
644,0.4376105408012387,29.37224793073098,0.008543330699757143,0.0675,0.07119515432949072,0.1875
645,0.4442625969939211,0.0,0.0,0.08125000000000002,0.06549093448714868,0.1875
646,0.4787860211111844,0.0,0.0,0.09375000000000001,0.07588025105388095,0.1875
647,0.5676870328848478,0.0,0.0,0.05624999999999999,0.05427073336523103,0.1875
648,0.4992443669005061,15.855103964742707,0.003896295359236363,0.10250000000000001,0.08306623862918075,0.1875
649,0.39306578620162497,44.33690802247932,0.016302403231850414,0.12875,0.07583905656058756,0.1875
650,0.4852245534319657,0.0,0.0,0.06749999999999999,0.03363406011768428,0.07500000000000001
651,0.44913186839502345,24.860129965596634,0.006803980421810176,0.07125000000000001,0.06915788096811526,0.1875
652,0.4256810589814064,31.753042373208984,0.00954702476141913,0.0825,0.06782329983125268,0.1875
653,0.420547666503547,16.923388953835133,0.004175489092734281,0.07375,0.055747757802444405,0.1875
654,0.4879143665619091,0.0,0.0,0.08375000000000002,0.07946107537656409,0.1875
655,0.5124683953502249,0.0,0.0,0.09624999999999999,0.06226204702706136,0.1875
656,0.45079934004242656,28.48970454286899,0.008195753939177966,0.12625000000000003,0.07875000000000001,0.1875
657,0.5028944984864001,32.630853085902174,0.010025990410740402,0.06124999999999999,0.051371806470086295,0.1875
658,0.512626629253228,0.0,0.0,0.045,0.03072051431861127,0.08750000000000001
659,0.4621687065874515,0.0,0.0,0.08249999999999999,0.06500000000000002,0.1875
660,0.5008002063479235,19.696800473203645,0.005073478206223222,0.09999999999999999,0.0698212002188447,0.17500000000000002
661,0.49719253205941427,0.0,0.0,0.08,0.08238628526642042,0.1875
662,0.4574953054014786,0.0,0.0,0.07,0.06941721688457411,0.1875
663,0.519172750440508,0.0,0.0,0.08375,0.06732616504747616,0.1875
664,0.46156247684133167,0.0,0.0,0.05500000000000001,0.037996710383926664,0.08750000000000001
665,0.4516226171616071,0.0,0.0,0.07875000000000001,0.06709368450159822,0.1875
666,0.5364407333066785,0.0,0.0,0.04625,0.03667850187780303,0.08750000000000001
667,0.4532567181077784,0.0,0.0,0.10375000000000001,0.0693834454318896,0.1875
668,0.5436076838160758,0.0,0.0,0.0375,0.03307189138830738,0.08750000000000001
669,0.49715505289655637,0.0,0.0,0.06500000000000002,0.0526782687642637,0.17500000000000002
670,0.4106026372485452,0.0,0.0,0.06875,0.05541040064825376,0.1875
671,0.46521961301075176,0.0,0.0,0.05500000000000001,0.05425633603552677,0.1875
672,0.40965513216942756,0.0,0.0,0.06875,0.05455788210698799,0.1875
673,0.5215376722800351,0.0,0.0,0.05625,0.04976507309348596,0.1875
674,0.5152942984883164,20.145701174857194,0.005227651265757859,0.11625,0.08441897002451522,0.1875
675,0.5057698908814823,0.0,0.0,0.08875000000000002,0.07633192320386013,0.1875
676,0.5877225486335078,26.86897456495282,0.007688496405519045,0.08249999999999999,0.07810249675906655,0.1875
677,0.48299498134019886,0.0,0.0,0.13125000000000003,0.07272594103894428,0.1875
678,0.544020026586429,4.5014435521486496,0.0009799274147143388,0.08625000000000001,0.07855133671682488,0.1875
679,0.4368661389476668,0.0,0.0,0.06625,0.05674779731408084,0.1875
680,0.455629259681226,15.973394599382337,0.0039110780587217776,0.10125000000000002,0.0571319744101322,0.1875
681,0.36545471902047955,0.0,0.0,0.085,0.06609652033201142,0.1875
682,0.4526002360774956,0.0,0.0,0.08249999999999999,0.08104782538723665,0.1875
683,0.563049814229664,23.016903244489242,0.006234594737925354,0.08374999999999999,0.08004881323292683,0.1875
684,0.5033550589515974,13.397762415560107,0.003200383364312881,0.05250000000000001,0.03391164991562634,0.08750000000000001
685,0.43006733484797394,0.0,0.0,0.05500000000000001,0.058416607227739614,0.1875
686,0.49428944671038405,0.0,0.0,0.08375000000000002,0.06662628985618216,0.1875
687,0.4607735741984054,0.0,0.0,0.1,0.07310095758606724,0.1875
688,0.4905903782396947,0.0,0.0,0.08625000000000001,0.06481946081232087,0.1875
689,0.507174724769394,0.0,0.0,0.0475,0.05777110004145672,0.1875
690,0.4083070512110639,19.1306769242114,0.004843247042473266,0.10124999999999999,0.08430784364458624,0.1875
691,0.5716878857033683,47.87196362035787,0.019195387136848634,0.07250000000000002,0.07154544010627092,0.1875
692,0.4501442615174804,27.51898678033669,0.007809629054436411,0.08875000000000001,0.07633192320386012,0.1875
693,0.4582074093325559,0.0,0.0,0.07875,0.07050044326101787,0.1875
694,0.44914006209733376,0.0,0.0,0.05,0.051234753829798,0.17500000000000002
695,0.4977913404659077,0.0,0.0,0.07125000000000001,0.05304773793480736,0.1875
696,0.5403196585379124,33.226251529211645,0.01034883670242151,0.08625000000000001,0.07855133671682488,0.1875
697,0.44430668014531427,0.0,0.0,0.045000000000000005,0.037583240945932274,0.08750000000000001
698,0.5347384521178095,0.0,0.0,0.07375000000000001,0.0705890395174775,0.1875
699,0.48078161694220833,6.661240635743697,0.0014721356364057374,0.08875000000000001,0.07633192320386013,0.1875
700,0.535937561982551,0.0,0.0,0.1025,0.07088723439378912,0.1875
701,0.4305710076351812,0.0,0.0,0.06625,0.0559156731158626,0.1875
702,0.4786602721146719,0.0,0.0,0.0625,0.05477225575051661,0.1875
703,0.46453584457463587,11.7756607431955,0.002748490321761859,0.07875000000000001,0.06709368450159822,0.1875
704,0.46066957224734084,0.0,0.0,0.12,0.0833291665624948,0.1875
705,0.5082626882867892,13.533787023862953,0.0032399136540269347,0.08125,0.08144208064630962,0.1875
706,0.47903438821577266,54.6219155092012,0.024882593513126307,0.05,0.056457948953181084,0.1875
707,0.41137816005067107,22.95660627766864,0.006103120902980544,0.1,0.07310095758606724,0.1875
708,0.5510142655506332,0.0,0.0,0.08250000000000002,0.07810249675906655,0.1875
709,0.470178664555311,11.827878056976365,0.0027640899359661804,0.061250000000000006,0.03375,0.08750000000000001
710,0.5653509713853828,0.0,0.0,0.05,0.05214163403653553,0.1875
711,0.4949448657380611,0.0,0.0,0.04,0.032977264895682305,0.08750000000000001
712,0.5063090164556996,0.0,0.0,0.09625000000000002,0.07072172579907819,0.1875
713,0.4729850286059433,0.0,0.0,0.06375,0.07233818148115144,0.1875
714,0.5390335953751451,0.0,0.0,0.045,0.05733672470589858,0.1875
715,0.5471824107142861,15.060797435281176,0.0036887075168852913,0.0925,0.07648529270389177,0.1875
716,0.4411349984792342,41.201145561023,0.014408859671858978,0.04625,0.03667850187780303,0.08750000000000001
717,0.49471601182001357,0.0,0.0,0.11000000000000001,0.07901740314639555,0.1875
718,0.42692616181569465,0.0,0.0,0.07125000000000001,0.07181791211111613,0.1875
719,0.44608039760266827,48.6689776395474,0.019516927592970388,0.11124999999999999,0.0775503868462305,0.1875
720,0.5066518942287611,40.39587890641837,0.014040632293771057,0.08499999999999999,0.06609652033201144,0.1875
721,0.5218571893198819,48.41659247675997,0.019491749705969102,0.08625000000000001,0.06481946081232087,0.1875
722,0.46101207980380865,0.0,0.0,0.11000000000000001,0.07901740314639555,0.1875
723,0.45506029214322513,0.0,0.0,0.075,0.054486236794258416,0.1875
724,0.5184049184495638,0.0,0.0,0.0625,0.053909646632119564,0.17500000000000002
725,0.5094219640721375,33.63305663663327,0.010498846764661717,0.06875,0.07032291589517603,0.1875
726,0.5694801897862719,0.0,0.0,0.12250000000000001,0.08077747210701756,0.1875
727,0.5094126548468151,0.0,0.0,0.10375000000000001,0.0693834454318896,0.1875
728,0.6038929779188967,59.54025498215173,0.03093043904622627,0.08,0.0823862852664204,0.1875
729,0.46404113171326133,0.0,0.0,0.08125,0.06897689830660697,0.1875
730,0.5280595265205954,0.0,0.0,0.10500000000000001,0.06782329983125268,0.17500000000000002
731,0.4332312190334688,0.0,0.0,0.07125,0.036250000000000004,0.08750000000000001
732,0.5534733787933346,0.0,0.0,0.0675,0.07053367989832943,0.1875
733,0.4675365342105215,0.0,0.0,0.03875,0.025890393971509978,0.08750000000000001
734,0.4676886976367475,0.0,0.0,0.0925,0.08789197915623473,0.1875
735,0.5380324522866414,0.5645333695544357,0.00011792745370803864,0.07875000000000001,0.064238325787648,0.1875
736,0.47044878808278284,7.107188524875609,0.0015763621486814673,0.09624999999999999,0.07332504688031233,0.1875
737,0.46284306251572943,0.0,0.0,0.058750000000000004,0.07138145767634618,0.1875
738,0.5419805527827194,0.0,0.0,0.03375,0.01681703005884214,0.037500000000000006
739,0.5022923429739083,4.489444292061298,0.000972051005358978,0.0625,0.051234753829797995,0.1875
740,0.5225945169806078,0.0,0.0,0.05125,0.0557477578024444,0.1875
741,0.5102659406049316,0.0,0.0,0.07625000000000001,0.06924819492232272,0.1875
742,0.5008156418833237,39.77844791831741,0.013674098923005347,0.07125000000000001,0.06847672962401169,0.1875
743,0.4596519913044928,0.0,0.0,0.11875,0.08427076895341587,0.1875
744,0.5244325882686642,0.0,0.0,0.05125,0.035111429762970346,0.08750000000000001
745,0.4562124115832653,0.0,0.0,0.0625,0.032113081446662826,0.07500000000000001
746,0.44800686792854205,0.0,0.0,0.05625,0.05427073336523103,0.1875
747,0.44750468701590096,37.51831663350654,0.01235341283466121,0.10250000000000001,0.07088723439378913,0.1875
748,0.5717241342097709,49.68984390047317,0.020647603745323567,0.09375000000000001,0.07588025105388094,0.1875
749,0.5543560895154883,0.0,0.0,0.065,0.07154544010627092,0.1875
750,0.491473528479424,31.598493192551473,0.009548743918419297,0.075,0.06684870978560468,0.1875
751,0.53567496948376,0.0,0.0,0.06375,0.07233818148115144,0.1875
752,0.4805566289343611,0.0,0.0,0.0725,0.05612486080160912,0.1875
753,0.5234361900582761,0.0,0.0,0.07375,0.055747757802444405,0.1875
754,0.49199906048470987,0.0,0.0,0.10625,0.08258518329579465,0.1875
755,0.5109147630347335,44.62113605293322,0.01670567604860598,0.051250000000000004,0.0557477578024444,0.1875
756,0.5346535655116016,24.395768089718928,0.006703741822861233,0.08249999999999999,0.06782329983125268,0.1875
757,0.50507481511902,32.98276263923607,0.010190270151751049,0.09,0.07578753195612059,0.1875
758,0.5036647964006621,32.609306757739475,0.0100171466456637,0.08125,0.08144208064630962,0.1875
759,0.46700929452954903,0.0,0.0,0.05625,0.05427073336523103,0.1875
760,0.45029156268163795,0.0,0.0,0.0775,0.05612486080160913,0.1875
761,0.5475063286307228,1.9887519048391624,0.00042201323464629827,0.05125,0.05658235148878138,0.1875
762,0.5590256648941004,65.00388122602902,0.038830376344089985,0.0875,0.07745966692414834,0.1875
763,0.49133539493126577,26.16497694969551,0.007323216283168236,0.04875,0.0528707149563915,0.1875
764,0.4650076671831114,17.475721890355526,0.004361589495258054,0.057499999999999996,0.056789083458002744,0.1875
765,0.5568512002232867,33.118264593194866,0.010321000304700453,0.06875,0.05455788210698799,0.1875
766,0.4785045711786102,0.0,0.0,0.07625000000000001,0.06924819492232272,0.1875
767,0.4871768294012362,4.5803611479099935,0.000990888335197172,0.07250000000000001,0.0675,0.17500000000000002
768,0.4876110786095042,0.0,0.0,0.0625,0.05477225575051661,0.1875
769,0.49837045999004076,0.0,0.0,0.09125000000000001,0.07459264373917847,0.1875
770,0.5077058481073843,0.0,0.0,0.06875,0.033189795118379384,0.08750000000000001
771,0.4770763984969717,0.0,0.0,0.05750000000000001,0.05338539126015657,0.1875
772,0.48320880166253627,0.0,0.0,0.10500000000000001,0.07810249675906655,0.17500000000000002
773,0.4568786174829328,0.0,0.0,0.085,0.07960841664045329,0.1875
774,0.5018366697873141,0.0,0.0,0.08374999999999999,0.06662628985618214,0.1875
775,0.4972284557580562,0.0,0.0,0.1,0.08496322733983215,0.1875
776,0.5494341691751675,0.0,0.0,0.09625,0.07332504688031233,0.1875
777,0.539178087166798,0.0,0.0,0.058750000000000004,0.05245533814589322,0.1875
778,0.4799579399404612,25.15621003220101,0.0069364299954062045,0.075,0.06614378277661476,0.17500000000000002
779,0.45253854554456774,15.966495598787493,0.003907714785285994,0.10750000000000001,0.07830229881682914,0.17500000000000002
780,0.4922661496302546,0.0,0.0,0.11500000000000002,0.08584142356694699,0.1875
781,0.4571649265676651,59.76226071824561,0.030641908599285575,0.08375,0.05063657275132274,0.1875
782,0.4855482424446299,43.33964255287486,0.015809338906284966,0.037500000000000006,0.025,0.08750000000000001
783,0.45109800715520776,45.078412916493335,0.01690004249103506,0.08625000000000001,0.07855133671682488,0.1875
784,0.5083769154959247,34.914934558329,0.01111283280877126,0.10874999999999999,0.09135268195296734,0.1875
785,0.4624108889254369,0.0,0.0,0.04125,0.023750000000000004,0.08750000000000001
786,0.5037238602390617,0.0,0.0,0.0725,0.06819090848492927,0.1875
787,0.42418876091681174,0.0,0.0,0.0925,0.07648529270389179,0.1875
788,0.5029448413059195,25.277782504316033,0.007000475360431622,0.07500000000000001,0.06614378277661477,0.17500000000000002
789,0.4745957366779358,24.876607636307487,0.006829484125458568,0.0825,0.07810249675906655,0.1875
790,0.5005811655145627,0.0,0.0,0.08,0.07949056547792323,0.1875
791,0.5257144207272411,0.0,0.0,0.07500000000000001,0.0668487097856047,0.1875
792,0.5520243844739764,0.0,0.0,0.05624999999999999,0.05762215285808055,0.1875
793,0.4340880701092305,0.0,0.0,0.05125,0.055747757802444405,0.1875
794,0.5726568014640394,0.0,0.0,0.07500000000000001,0.06959705453537528,0.1875
795,0.4486632730515504,0.0,0.0,0.06499999999999999,0.07219764539096826,0.1875
796,0.5297941251526324,0.0,0.0,0.06875,0.07032291589517603,0.1875
797,0.5235198581535725,42.840634649543766,0.015562167718752623,0.07,0.05425633603552677,0.1875
798,0.4882773242347072,0.0,0.0,0.07,0.05338539126015656,0.17500000000000002
799,0.47903050955523074,0.0,0.0,0.03875,0.014197270864500684,0.037500000000000006
800,0.4711094388635932,0.0,0.0,0.08125,0.08144208064630962,0.1875
801,0.4460758404057547,0.0,0.0,0.06000000000000001,0.05667892024377317,0.1875
802,0.49607807526554915,39.91717227655281,0.01374589919531244,0.05625,0.03125,0.08750000000000001
803,0.48331336896265403,0.0,0.0,0.08375,0.06662628985618214,0.1875
804,0.4873827528793479,16.58653912392647,0.00410603896699326,0.08625,0.06833968466418323,0.1875
805,0.6423764386561346,0.0,0.0,0.09375,0.07588025105388094,0.1875
806,0.40708116362214275,0.0,0.0,0.03125000000000001,0.026954823316059785,0.08750000000000001
807,0.5218081484365382,13.139594428876341,0.0031365246866465776,0.11875000000000002,0.07229496870460628,0.1875
808,0.5118404002383897,0.0,0.0,0.05,0.03491060010942236,0.08750000000000001
809,0.41336087059239013,0.0,0.0,0.03625,0.014197270864500686,0.037500000000000006
810,0.4705630978214487,0.0,0.0,0.05625,0.053400023408234576,0.1875
811,0.4360775090535474,0.0,0.0,0.0625,0.05477225575051661,0.1875
812,0.47960143641037395,31.852428587112037,0.009648023007712883,0.057499999999999996,0.05338539126015656,0.1875
813,0.543832755877217,21.222656366899074,0.00560297544383328,0.04875,0.051976557215729476,0.1875
814,0.49179837209256644,0.0,0.0,0.0625,0.05477225575051661,0.1875
815,0.47843740045059757,0.0,0.0,0.06875,0.07032291589517602,0.1875
816,0.5366396468743229,0.0,0.0,0.0725,0.07088723439378912,0.1875
817,0.6554415772780667,0.0,0.0,0.05,0.03491060010942236,0.08750000000000001
818,0.4854900567190625,0.0,0.0,0.085,0.06609652033201142,0.1875
819,0.49650184546472803,19.772172878367538,0.005095039537070885,0.08625000000000002,0.06481946081232087,0.1875
820,0.5147549089541358,0.0,0.0,0.09625000000000002,0.07332504688031233,0.1875
821,0.47262809271011064,0.0,0.0,0.08000000000000002,0.06304760106459247,0.17500000000000002
822,0.5458897355713513,47.74029794222391,0.01902848557786668,0.09000000000000001,0.06144102863722254,0.17500000000000002
823,0.4373853004789364,0.0,0.0,0.07875000000000001,0.064238325787648,0.1875
824,0.5714120649229351,33.13155410038883,0.010347582486955519,0.04375,0.0384260653723485,0.08750000000000001
825,0.5095830398416473,0.0,0.0,0.08499999999999999,0.06609652033201142,0.1875
826,0.43501467106395364,0.0,0.0,0.05625,0.057622152858080554,0.1875
827,0.5085785644607054,2.245795290954455,0.0004754420385531219,0.05249999999999999,0.0558457697592217,0.1875
828,0.4861865561948485,0.0,0.0,0.0925,0.07399324293474373,0.1875
829,0.4512244416112504,10.969673406555122,0.0025333719005350614,0.08625000000000001,0.07855133671682488,0.1875
830,0.48937157651850016,28.561092899322915,0.008260818668641343,0.10625000000000002,0.0796966906464754,0.1875
831,0.531349890536198,0.0,0.0,0.08,0.06666145812986692,0.1875
832,0.43989377060243534,0.0,0.0,0.09375000000000001,0.07272594103894428,0.1875
833,0.5639464464913795,0.0,0.0,0.07375000000000001,0.0557477578024444,0.1875
834,0.48608578759484056,0.0,0.0,0.0925,0.06304760106459247,0.1875
835,0.4689470127336964,0.0,0.0,0.04625,0.03667850187780303,0.08750000000000001
836,0.5224625987621854,0.0,0.0,0.05500000000000001,0.05425633603552677,0.1875
837,0.4686037298619383,43.09972104151904,0.015624908068290276,0.11875000000000002,0.07229496870460628,0.1875
838,0.49765255378311263,52.42966578662569,0.022827473568587116,0.12375,0.07914583059138365,0.1875
839,0.577309902315456,0.0,0.0,0.07,0.07008922884438094,0.1875
840,0.565456221755944,0.0,0.0,0.04625,0.031149839485942788,0.08750000000000001
841,0.512297296009223,23.340602626708975,0.006307444143459959,0.09874999999999999,0.08614123577010026,0.1875
842,0.49609080017933305,9.233744241865793,0.0021024372424799168,0.07875000000000001,0.06709368450159821,0.1875
843,0.5193068310390375,0.0,0.0,0.03875000000000001,0.05490047813999437,0.1875
844,0.5452452782477827,0.0,0.0,0.07125000000000001,0.07246766520317872,0.1875
845,0.4971934566334061,0.0,0.0,0.043750000000000004,0.05369182898728632,0.1875
846,0.5087305663553513,0.0,0.0,0.07750000000000001,0.06819090848492929,0.1875
847,0.5412495953593267,33.28758514166646,0.01037877403123128,0.1,0.07310095758606724,0.1875
848,0.4263582675251286,38.61230581951727,0.012911802999854147,0.05625000000000001,0.038017265814363876,0.08750000000000001
849,0.5776977758348425,27.152374527089464,0.007788990393717573,0.13875,0.07795230913834432,0.1875
850,0.5015449398870524,21.22337855678135,0.005573395013717493,0.1575,0.06712860791048778,0.17500000000000002
851,0.5240838950649365,0.0,0.0,0.07125000000000001,0.03625,0.08750000000000001
852,0.4373905374168,0.0,0.0,0.085,0.07901740314639555,0.1875
853,0.48731508611843277,6.813297750331524,0.0015093589171343313,0.06375,0.06969800929725326,0.1875
854,0.5452394318107918,4.402901975431225,0.0009576457700516213,0.058750000000000004,0.05674779731408084,0.1875
855,0.4621011961713646,0.0,0.0,0.037500000000000006,0.025,0.08750000000000001
856,0.5867151283295674,11.159471202562903,0.0026270087844962944,0.10874999999999999,0.07746975216173084,0.1875
857,0.5040031036645218,0.0,0.0,0.03375000000000001,0.025647855660853994,0.08750000000000001
858,0.4929102745182902,0.0,0.0,0.0775,0.06819090848492929,0.1875
859,0.4954355504901522,0.0,0.0,0.07625000000000001,0.06856794075951239,0.1875
860,0.5044630955098649,6.426298311277513,0.0014206576114800698,0.08,0.06666145812986692,0.1875
861,0.5126018398103683,0.0,0.0,0.075,0.06959705453537526,0.1875
862,0.538068545038046,25.26274190289368,0.007025819379689099,0.095,0.060000000000000005,0.17500000000000002
863,0.5044375634949889,35.119047538458254,0.011207892948109454,0.145,0.0687386354243376,0.15000000000000002
864,0.45993248610300475,13.169823775266112,0.003121746396088645,0.06375,0.0579466349324963,0.1875
865,0.4980629467283387,0.0,0.0,0.0925,0.07648529270389177,0.1875
866,0.5260626070314053,0.0,0.0,0.09375,0.08736596877503278,0.1875
867,0.4291732188356498,4.519663058811295,0.0009708188216223588,0.06375,0.0579466349324963,0.1875
868,0.5239071059321805,2.8345106218619764,0.0006048740628849255,0.0825,0.08104782538723665,0.1875
869,0.5185828913504116,22.788060806797333,0.006118725101184917,0.07375,0.055747757802444405,0.1875
870,0.4200100743654053,23.731275861313367,0.006378914993121342,0.0875,0.04643543905251678,0.17500000000000002
871,0.546512180175453,21.873419730171406,0.005825059251481772,0.0625,0.05477225575051661,0.1875
872,0.49242749047167844,0.0,0.0,0.1,0.07310095758606724,0.1875
873,0.48152467189011966,59.65984303723605,0.030596336082653105,0.03375,0.02741464024932664,0.08750000000000001
874,0.4961963367965516,54.68470936322228,0.024994989752067147,0.09625000000000002,0.07072172579907819,0.1875
875,0.4944153236359896,0.0,0.0,0.045000000000000005,0.057336724705898574,0.1875
876,0.46733651574842305,0.0,0.0,0.05625000000000001,0.05762215285808055,0.1875
877,0.4453052840445896,6.175111441454293,0.0013521972140144584,0.08625,0.06481946081232087,0.1875
878,0.4572617774490706,0.0,0.0,0.037500000000000006,0.026809513236909024,0.08750000000000001
879,0.46960186702177825,26.95160828539136,0.007605553162793896,0.07625000000000001,0.0692481949223227,0.1875
880,0.5552984704649832,0.0,0.0,0.09625,0.07072172579907818,0.1875
881,0.46195510906360904,0.0,0.0,0.08374999999999999,0.08004881323292683,0.1875
882,0.43784860268767745,0.0,0.0,0.13,0.06,0.15000000000000002
883,0.5244624947615072,30.23254847338069,0.00899294556388341,0.07250000000000001,0.06819090848492929,0.1875
884,0.4942579404099489,3.789010626057275,0.0008136196936903135,0.11875,0.08427076895341587,0.1875
885,0.48517056348126225,0.0,0.0,0.0675,0.05567764362830022,0.1875
886,0.4868230919120712,17.04321632710773,0.004242094112870374,0.06875,0.06690711845536318,0.1875
887,0.5413582608504655,0.0,0.0,0.08750000000000001,0.07745966692414834,0.1875
888,0.5223731803546031,0.0,0.0,0.06999999999999999,0.05338539126015656,0.17500000000000002
889,0.5390663695574572,5.509904288035539,0.0012115085863049484,0.04,0.0329772648956823,0.08750000000000001
890,0.5392806508893174,0.0,0.0,0.05500000000000001,0.05425633603552677,0.1875
891,0.49209531243084553,35.128588886654725,0.011195772649294528,0.05,0.05214163403653553,0.1875
892,0.48481891809028865,0.0,0.0,0.04,0.0544288526426931,0.1875
893,0.5007596803696942,0.0,0.0,0.09,0.08993052874302476,0.1875
894,0.5395470864993455,0.0,0.0,0.08249999999999999,0.08104782538723665,0.1875
895,0.4056262513840437,0.0,0.0,0.08250000000000002,0.06128825336065632,0.17500000000000002
896,0.49883542609811227,0.0,0.0,0.10124999999999999,0.08430784364458625,0.1875
897,0.5613523665550594,20.869069462924635,0.005497733885345156,0.07250000000000001,0.05612486080160912,0.1875
898,0.5073677835674225,0.0,0.0,0.1125,0.07664854858377947,0.1875
899,0.536878185529401,27.53998617217897,0.007899280822915057,0.06625,0.07138145767634617,0.1875
900,0.4855913328297876,12.65187551747152,0.002989982830687623,0.075,0.054486236794258416,0.1875
901,0.5089351953282253,0.0,0.0,0.075,0.06959705453537528,0.1875
902,0.5255748761808307,53.834965567202616,0.024239882576144883,0.06999999999999999,0.037996710383926664,0.08750000000000001
903,0.4998743036744767,55.795188171002444,0.026158229726650505,0.058750000000000004,0.05674779731408084,0.1875
904,0.519045256630869,0.0,0.0,0.06625,0.05674779731408083,0.1875
905,0.4935752382208456,0.0,0.0,0.06875,0.05455788210698799,0.1875
906,0.5032600737974168,0.0,0.0,0.06625,0.05674779731408084,0.1875
907,0.4824703158645718,27.843864226738535,0.007966607330457762,0.07125000000000001,0.06915788096811526,0.1875
908,0.5336223234572901,0.0,0.0,0.0675,0.07119515432949072,0.1875
909,0.41822751093432825,0.0,0.0,0.08625000000000001,0.07795230913834432,0.1875
910,0.4806023826802057,0.0,0.0,0.04875,0.05630552814777604,0.1875
911,0.5111903702576919,0.0,0.0,0.0675,0.05567764362830022,0.1875
912,0.5292170838443696,3.270598275407903,0.000701560402772854,0.085,0.07901740314639555,0.1875
913,0.5161315046083856,19.445043015089887,0.005002359650150927,0.06375,0.06969800929725326,0.1875
914,0.5178982029989709,0.0,0.0,0.085,0.07660776723022282,0.1875
915,0.47775898644135717,0.0,0.0,0.07999999999999999,0.06666145812986692,0.1875
916,0.44789679792546844,0.0,0.0,0.10375000000000001,0.0693834454318896,0.1875
917,0.48656089097206295,23.588524794121685,0.006375294382027774,0.095,0.0746240577829965,0.1875
918,0.5137205335292478,29.31188449962241,0.008593612532142622,0.04625,0.03667850187780303,0.08750000000000001
919,0.515739288153622,0.0,0.0,0.1,0.08551315688243537,0.1875
920,0.5048377128191497,0.0,0.0,0.1,0.07310095758606723,0.1875
921,0.5758692795645672,0.0,0.0,0.0425,0.03799671038392666,0.08750000000000001
922,0.462511154971022,0.0,0.0,0.06000000000000001,0.0558457697592217,0.1875
923,0.5414290646341072,32.918137612216235,0.010207138783662232,0.08875,0.07694356698256198,0.1875
924,0.5066244299036722,0.0,0.0,0.0775,0.06819090848492927,0.1875
925,0.47762812719526987,54.4630903522698,0.024718896103168745,0.10875000000000001,0.08043825271598086,0.1875
926,0.5294780921830762,12.952919551677592,0.003088328174648146,0.059999999999999984,0.0598957427535547,0.1875
927,0.516566220487661,0.0,0.0,0.08625000000000001,0.07550869155269478,0.1875
928,0.5057316108897736,7.530728045442095,0.0016849937132185167,0.0775,0.05178078794301995,0.17500000000000002
929,0.5153533544218121,0.0,0.0,0.08125,0.0791063366614837,0.1875
930,0.46523305803682896,0.0,0.0,0.11875,0.07229496870460628,0.1875
931,0.4507235238747529,0.0,0.0,0.06375,0.05375,0.1875
932,0.48719666635947195,30.808363814333905,0.009198717632561054,0.07249999999999998,0.06819090848492929,0.1875
933,0.4971550502302462,26.058664279258466,0.007288025218399241,0.08375,0.08004881323292683,0.1875
934,0.5118417538503975,3.6600659531207653,0.0007865591097305131,0.057499999999999996,0.056789083458002744,0.1875
935,0.4488362465850958,0.0,0.0,0.04625,0.05756789469834728,0.1875
936,0.46512441853933006,16.198667433327728,0.003981148916198078,0.06375,0.054615130687383696,0.1875
937,0.5149606577145873,0.0,0.0,0.10874999999999999,0.07746975216173084,0.1875
938,0.46988889462106936,0.0,0.0,0.10625,0.0796966906464754,0.1875
939,0.4624231689178606,12.000211014916065,0.0028074033868041256,0.12875,0.07583905656058756,0.1875
940,0.5865623891146805,0.0,0.0,0.0675,0.05567764362830022,0.1875
941,0.4836055391811136,0.0,0.0,0.11750000000000001,0.07075485849042452,0.17500000000000002
942,0.5117022682027342,41.04436988605495,0.014432670641942215,0.06375,0.03727012878968894,0.08750000000000001
943,0.4127139386881394,0.0,0.0,0.09125,0.07767118191452993,0.1875
944,0.4940230820739283,0.0,0.0,0.05750000000000001,0.05338539126015657,0.1875
945,0.48362868135703546,45.651846078162855,0.017360528015564373,0.11000000000000003,0.048989794855663564,0.15000000000000002
946,0.4745440898626199,0.0,0.0,0.07125000000000001,0.07246766520317872,0.1875
947,0.4552505074160641,25.8472140976954,0.0071733914539434,0.09500000000000001,0.06,0.17500000000000002
948,0.45051341444658183,13.297094422531242,0.0031532627778013303,0.08,0.07008922884438093,0.1875
949,0.4526412180829377,31.179336564080877,0.009322968406657825,0.08499999999999999,0.06609652033201142,0.1875
950,0.49785576896738665,0.0,0.0,0.07875,0.06709368450159821,0.1875
951,0.5360853227118694,0.0,0.0,0.07625,0.05316542579534184,0.1875
952,0.3949921720465692,38.954109328516836,0.013058355826434487,0.07875,0.08330103540773068,0.1875
953,0.4579417037198993,0.0,0.0,0.08125,0.0791063366614837,0.1875
954,0.4939542437388828,0.0,0.0,0.06000000000000001,0.056678920243773176,0.1875
955,0.4554733583247355,0.0,0.0,0.10500000000000001,0.08104782538723665,0.1875
956,0.45644458589594944,4.584246696785934,0.0009882686618664942,0.05500000000000001,0.037996710383926664,0.08750000000000001
957,0.521353422435952,0.0,0.0,0.03250000000000001,0.02633913438213185,0.08750000000000001
958,0.4715847914610029,0.0,0.0,0.08875000000000001,0.07633192320386013,0.1875
959,0.5173649456728238,13.338637016025418,0.0031895889158961876,0.05625,0.057622152858080554,0.1875
960,0.49352776671461235,0.0,0.0,0.08875000000000002,0.06577661058461436,0.1875
961,0.5250178498506389,6.688351791534214,0.0014865557572009676,0.10625,0.06965315857877517,0.1875
962,0.5420066436256737,11.700516715799445,0.0027545246731270207,0.05875000000000001,0.0559156731158626,0.1875
963,0.5466343974274507,0.0,0.0,0.06999999999999999,0.05425633603552677,0.1875
964,0.5524608178031165,0.0,0.0,0.06625,0.05245533814589321,0.1875
965,0.5303853745645407,0.0,0.0,0.05625,0.07272594103894428,0.1875
966,0.4222129181500742,0.0,0.0,0.10250000000000001,0.08306623862918075,0.1875
967,0.5005851520276848,0.0,0.0,0.05250000000000001,0.055,0.1875
968,0.5154355590327621,17.584940484945534,0.004421097858596634,0.10124999999999999,0.08430784364458625,0.1875
969,0.550000709020413,0.0,0.0,0.1125,0.04905354217587146,0.17500000000000002
970,0.5574146281127635,0.0,0.0,0.1,0.08272696053887149,0.1875
971,0.5051485493505032,0.0,0.0,0.11499999999999999,0.08584142356694699,0.1875
972,0.4538850527513148,0.0,0.0,0.09125000000000001,0.07767118191452992,0.1875
973,0.5107912390064415,22.761894198582365,0.006103701590752897,0.07,0.031224989991991994,0.07500000000000001
974,0.5204674031808071,0.0,0.0,0.1075,0.08124038404635961,0.1875
975,0.4784156506567605,0.0,0.0,0.058750000000000004,0.05591567311586261,0.1875
976,0.4582533734093788,21.710160617233736,0.0057079153223039076,0.07250000000000001,0.05612486080160912,0.1875
977,0.4651431413760492,0.0,0.0,0.06875,0.06690711845536318,0.1875
978,0.44708619567081426,20.9810777075306,0.005458481885983106,0.12625000000000003,0.06577661058461436,0.1875
979,0.574671096318169,42.71397338980051,0.015586568297117687,0.11000000000000001,0.06244997998398399,0.15000000000000002
980,0.509861586155638,0.0,0.0,0.08875000000000002,0.07694356698256197,0.1875
981,0.5638398238597139,0.0,0.0,0.0775,0.06819090848492929,0.1875
982,0.4857967345606358,0.0,0.0,0.08875000000000002,0.07694356698256198,0.1875
983,0.48092821180143314,7.456401788509148,0.001662084394052229,0.06875,0.05455788210698799,0.1875
984,0.5547125823233611,0.0,0.0,0.04625,0.031149839485942785,0.08750000000000001
985,0.4670244898024114,27.878008270975574,0.007965981098248098,0.07625000000000001,0.06856794075951239,0.1875
986,0.46105914636021883,0.0,0.0,0.0625,0.038729833462074176,0.08750000000000001
987,0.4728352500914446,0.0,0.0,0.08625000000000001,0.07795230913834432,0.1875
988,0.5916369453744621,40.89164796674327,0.014494179879940254,0.05875000000000001,0.05674779731408083,0.1875
989,0.5192822077655468,19.583876842525587,0.005048787913044386,0.095,0.07141428428542851,0.17500000000000002
990,0.5096650778373248,3.4316695468478353,0.0007355302802106087,0.08875,0.07633192320386013,0.1875
991,0.47846042869020966,0.0,0.0,0.11875000000000002,0.07229496870460628,0.1875
992,0.5957067177620552,40.22885217197855,0.01410882189493974,0.061250000000000006,0.0557477578024444,0.1875
993,0.5224920611782662,20.132188660560367,0.005227994633047519,0.06750000000000002,0.0678232998312527,0.1875
994,0.45896709575204453,24.77879009702632,0.006781745369723815,0.03,0.013919410907075056,0.037500000000000006
995,0.46219130585734824,0.0,0.0,0.09249999999999999,0.07648529270389177,0.1875
996,0.4814614695639076,25.091569470142716,0.0069138264193755305,0.075,0.07026734661277598,0.1875
997,0.41589544094510417,0.0,0.0,0.04375,0.031746062748000736,0.08750000000000001
998,0.4770979027111442,25.895693676469815,0.007209377764171757,0.057499999999999996,0.03544361719689456,0.07500000000000001
999,0.5690876223586862,0.0,0.0,0.05,0.056457948953181084,0.1875
